Date,CampaignName,Query,Impressions,Clicks,Ctr,Cost,Conversions
2026-04-16,orto-fit.ru от 31.03.26,артроскопическая операция мениска,1,0,0.00,0.00,0
2026-04-16,orto-fit.ru от 31.03.26,мениск колена жду операцию,2,0,0.00,0.00,0
2026-04-16,orto-fit.ru от 31.03.26,мениск на 1 3 выступает,1,0,0.00,0.00,0
2026-04-17,orto-fit.ru от 31.03.26,восстановление колена после операции на мениске,1,0,0.00,0.00,0
2026-04-17,orto-fit.ru от 31.03.26,восстановление после эндопротезирования коленного сустава,1,0,0.00,0.00,0
2026-04-17,orto-fit.ru от 31.03.26,диета при замене коленного сустава,4,0,0.00,0.00,0
2026-04-17,orto-fit.ru от 31.03.26,если разорван мениск сможет ли человек ходить,1,0,0.00,0.00,0
2026-04-17,orto-fit.ru от 31.03.26,за какой срок можно восстановить колено после операции,1,0,0.00,0.00,0
2026-04-17,orto-fit.ru от 31.03.26,замена коленного сустава,1,0,0.00,0.00,0
2026-04-17,orto-fit.ru от 31.03.26,замена коленного сустава крым,2,0,0.00,0.00,0
2026-04-17,orto-fit.ru от 31.03.26,замена коленного сустава отзывы,1,0,0.00,0.00,0
2026-04-17,orto-fit.ru от 31.03.26,замена коленного сустава что вставляют,2,0,0.00,0.00,0
2026-04-17,orto-fit.ru от 31.03.26,зарастает ли надрыв мениска на колене восстановление,1,0,0.00,0.00,0
2026-04-17,orto-fit.ru от 31.03.26,к кому идти с мениском коленного сустава,1,0,0.00,0.00,0
2026-04-17,orto-fit.ru от 31.03.26,как питаться после операции по замене коленного сустава,1,0,0.00,0.00,0
2026-04-17,orto-fit.ru от 31.03.26,какие операции делают на коленном суставе,1,0,0.00,0.00,0
2026-04-17,orto-fit.ru от 31.03.26,когда можно управлять автомобилем после протезирования коленного сустава,1,0,0.00,0.00,0
2026-04-17,orto-fit.ru от 31.03.26,когда после шва мениска полностью сойдет отек,2,1,50.00,129.28,0
2026-04-17,orto-fit.ru от 31.03.26,колено сильно отекает после пластики пкс,1,0,0.00,0.00,0
2026-04-17,orto-fit.ru от 31.03.26,лечение разрыва медиального мениска коленного сустава 3а,3,1,33.33,42.76,0
2026-04-17,orto-fit.ru от 31.03.26,мазь для лечения мениска,1,0,0.00,0.00,0
2026-04-17,orto-fit.ru от 31.03.26,мениск коленного физиотерапия,1,0,0.00,0.00,0
2026-04-17,orto-fit.ru от 31.03.26,мениска коленного сустава что это такое и как лечить,1,0,0.00,0.00,0
2026-04-17,orto-fit.ru от 31.03.26,мениски лечится заживают или нет,2,0,0.00,0.00,0
2026-04-17,orto-fit.ru от 31.03.26,месяц после протезирования коленного сустава колено болит,1,0,0.00,0.00,0
2026-04-17,orto-fit.ru от 31.03.26,может ли разорванный мениск сам срастись без операции,1,0,0.00,0.00,0
2026-04-17,orto-fit.ru от 31.03.26,можно ли ложиться на живот после операции на колено со швами,1,0,0.00,0.00,0
2026-04-17,orto-fit.ru от 31.03.26,можно ли ходить в баню при замене коленного сустава,1,0,0.00,0.00,0
2026-04-17,orto-fit.ru от 31.03.26,мозаичная хондропластика коленного как делают операцию,1,0,0.00,0.00,0
2026-04-17,orto-fit.ru от 31.03.26,на каких тренажерах можно заниматься после замены коленного сустава,1,0,0.00,0.00,0
2026-04-17,orto-fit.ru от 31.03.26,надрыв мениска,2,0,0.00,0.00,0
2026-04-17,orto-fit.ru от 31.03.26,операция при артрозе коленного сустава,2,0,0.00,0.00,0
2026-04-17,orto-fit.ru от 31.03.26,отзывы кто менял коленный сустав,1,0,0.00,0.00,0
2026-04-17,orto-fit.ru от 31.03.26,повреждение медиального мениска чем диагностируется,1,0,0.00,0.00,0
2026-04-17,orto-fit.ru от 31.03.26,порвал мениск какие симптомы,1,0,0.00,0.00,0
2026-04-17,orto-fit.ru от 31.03.26,порван мениск щелкает колено при сгибании без ограничения движения лечение,1,0,0.00,0.00,0
2026-04-17,orto-fit.ru от 31.03.26,после замены коленного сустава горячее колено почему,1,0,0.00,0.00,0
2026-04-17,orto-fit.ru от 31.03.26,после замены сустава колена решил сменить работу,1,0,0.00,0.00,0
2026-04-17,orto-fit.ru от 31.03.26,после операции пкс прошло 2 месяца отекшее колено,1,0,0.00,0.00,0
2026-04-17,orto-fit.ru от 31.03.26,при каком повреждении меняют коленный сустав,1,0,0.00,0.00,0
2026-04-17,orto-fit.ru от 31.03.26,разрыв мениска коленного сустава,1,0,0.00,0.00,0
2026-04-17,orto-fit.ru от 31.03.26,разрыв мениска коленного сустава симптомы,2,0,0.00,0.00,0
2026-04-17,orto-fit.ru от 31.03.26,реабилитация после замены коленного сустава,2,0,0.00,0.00,0
2026-04-17,orto-fit.ru от 31.03.26,сколько времени стоять в очереди на замену коленного сустава в городской больнице 2,2,0,0.00,0.00,0
2026-04-17,orto-fit.ru от 31.03.26,срок реабилитации после операции на надколеннике,1,0,0.00,0.00,0
2026-04-17,orto-fit.ru от 31.03.26,управление автомобилем после протезирования коленного сустава,2,1,50.00,30.97,0
2026-04-17,orto-fit.ru от 31.03.26,упражнение после артроскопии коленного сустава,1,1,100.00,41.47,0
2026-04-17,orto-fit.ru от 31.03.26,через какое время после замены тазобедренного сустава можно вставать на колени и садиться на корточки,1,0,0.00,0.00,0
2026-04-17,orto-fit.ru от 31.03.26,что делают при операции при артрозе коленного сустава,2,0,0.00,0.00,0
2026-04-17,orto-fit.ru от 31.03.26,что если не делать операцию на мениск,1,0,0.00,0.00,0
2026-04-18,orto-fit.ru от 31.03.26,6 месяцев после пкс коленного сустава,1,0,0.00,0.00,0
2026-04-18,orto-fit.ru от 31.03.26,артроз 2 степени коленного сустава прогноз замена коленного сустава,1,0,0.00,0.00,0
2026-04-18,orto-fit.ru от 31.03.26,бандаж на коленный сустав после операции купить в мариуполе,1,0,0.00,0.00,0
2026-04-18,orto-fit.ru от 31.03.26,болит колено после удаления мениска,1,0,0.00,0.00,0
2026-04-18,orto-fit.ru от 31.03.26,болит колено после удаления мениска форум,1,0,0.00,0.00,0
2026-04-18,orto-fit.ru от 31.03.26,болит нога после артроскопии коленного сустава,1,0,0.00,0.00,0
2026-04-18,orto-fit.ru от 31.03.26,бэм после травмы колена,1,0,0.00,0.00,0
2026-04-18,orto-fit.ru от 31.03.26,вес коленного эндопротеза,2,1,50.00,1.74,0
2026-04-18,orto-fit.ru от 31.03.26,воспаление коленного сустава после операции,1,0,0.00,0.00,0
2026-04-18,orto-fit.ru от 31.03.26,воспаление коленного сустава после операции как называется,1,0,0.00,0.00,0
2026-04-18,orto-fit.ru от 31.03.26,восстановление мениска коленного сустава без операции,2,0,0.00,0.00,0
2026-04-18,orto-fit.ru от 31.03.26,восстановление после замены коленного сустава после операции,2,0,0.00,0.00,0
2026-04-18,orto-fit.ru от 31.03.26,где в брагино можно пройти реабилитацию после протезирования коленного сустава,1,1,100.00,2.90,0
2026-04-18,orto-fit.ru от 31.03.26,где в омске можно пройти реабилитацию после замены коленного сустава,16,0,0.00,0.00,0
2026-04-18,orto-fit.ru от 31.03.26,где в ставрополе делают операции после разрыва мениска,2,0,0.00,0.00,0
2026-04-18,orto-fit.ru от 31.03.26,гели при травма коленного сустава мениска,1,0,0.00,0.00,0
2026-04-18,orto-fit.ru от 31.03.26,гимнастика после протезирования коленного сустава,1,0,0.00,0.00,0
2026-04-18,orto-fit.ru от 31.03.26,жидкость в подколенной ямке после протезирования коленного сустава,2,0,0.00,0.00,0
2026-04-18,orto-fit.ru от 31.03.26,заболевания медиального мениска,2,0,0.00,0.00,0
2026-04-18,orto-fit.ru от 31.03.26,замена коленного сустава в иваново,1,1,100.00,52.37,0
2026-04-18,orto-fit.ru от 31.03.26,замена коленного сустава в красноярске цена где делают,1,0,0.00,0.00,0
2026-04-18,orto-fit.ru от 31.03.26,замена коленного сустава в ниито,1,0,0.00,0.00,0
2026-04-18,orto-fit.ru от 31.03.26,замена коленного сустава в чите,1,0,0.00,0.00,0
2026-04-18,orto-fit.ru от 31.03.26,замена коленного сустава по омс,3,0,0.00,0.00,0
2026-04-18,orto-fit.ru от 31.03.26,из каких металлов состоит коленный протез motivation r tlb tray 63mm,1,0,0.00,0.00,0
2026-04-18,orto-fit.ru от 31.03.26,из какого металла коленный протез motivation r tlb tray 63mm,1,0,0.00,0.00,0
2026-04-18,orto-fit.ru от 31.03.26,имплант коленного сустава как делают такую операцию,1,0,0.00,0.00,0
2026-04-18,orto-fit.ru от 31.03.26,как выкачивают жидкость из колена при мениске,1,0,0.00,0.00,0
2026-04-18,orto-fit.ru от 31.03.26,как делать перевязку после артроскопии колена,1,0,0.00,0.00,0
2026-04-18,orto-fit.ru от 31.03.26,как делают операцию на колено по разрыву мениска,1,0,0.00,0.00,0
2026-04-18,orto-fit.ru от 31.03.26,как делают операцию на колено по разрыву мениска 3b,2,0,0.00,0.00,0
2026-04-18,orto-fit.ru от 31.03.26,как долго можно ходить с пкс коленного сустава после операции,1,0,0.00,0.00,0
2026-04-18,orto-fit.ru от 31.03.26,как долго отходят от общего наркоза после операции по замене коленного сустава,2,0,0.00,0.00,0
2026-04-18,orto-fit.ru от 31.03.26,как долго приживается протез коленного сустава после эндопротезирования и как долго может болеть колено,3,0,0.00,0.00,0
2026-04-18,orto-fit.ru от 31.03.26,как лечат мениск колена,1,0,0.00,0.00,0
2026-04-18,orto-fit.ru от 31.03.26,как лечить мениск коленного сустава,2,0,0.00,0.00,0
2026-04-18,orto-fit.ru от 31.03.26,как надо пользоваться тростью после операции на мениске,1,1,100.00,12.37,0
2026-04-18,orto-fit.ru от 31.03.26,как начать ходить самостоятельно после эндопротезирования коленного сустава без компрессионного чулка,1,0,0.00,0.00,0
2026-04-18,orto-fit.ru от 31.03.26,как отвлечься перед операцией на колене,1,0,0.00,0.00,0
2026-04-18,orto-fit.ru от 31.03.26,как отвлечься перед операцией на колене артроскопии,1,1,100.00,123.20,0
2026-04-18,orto-fit.ru от 31.03.26,как правильно спать при замене коленного сустава,2,2,100.00,26.88,0
2026-04-18,orto-fit.ru от 31.03.26,как проходит артроскопия разрыва мениска,2,0,0.00,0.00,0
2026-04-18,orto-fit.ru от 31.03.26,как укреплять мениск коленного сустава,1,0,0.00,0.00,0
2026-04-18,orto-fit.ru от 31.03.26,как укреплять мениск коленного сустава медикаментозное лечение,1,0,0.00,0.00,0
2026-04-18,orto-fit.ru от 31.03.26,какая инвалидность после протезирования коленного сустава,1,0,0.00,0.00,0
2026-04-18,orto-fit.ru от 31.03.26,какое время ходить с тростью после костылей после эндопротезирования коленного сустава,2,0,0.00,0.00,0
2026-04-18,orto-fit.ru от 31.03.26,какое лекарство вводить в коленный сустав искусственный сустав,1,0,0.00,0.00,0
2026-04-18,orto-fit.ru от 31.03.26,какой наколенник выбрать при повреждении мениска коленного сустава,1,0,0.00,0.00,0
2026-04-18,orto-fit.ru от 31.03.26,какую еду можно после операции на колене,1,0,0.00,0.00,0
2026-04-18,orto-fit.ru от 31.03.26,когда можно вставать на колено после операции по замене коленного,1,0,0.00,0.00,0
2026-04-18,orto-fit.ru от 31.03.26,когда можно сменить ходунки на трость после операции по замене коленного сустава,3,0,0.00,0.00,0
2026-04-18,orto-fit.ru от 31.03.26,когда можно снимать эластичный бинт после операции передней крестообразной связки,1,0,0.00,0.00,0
2026-04-18,orto-fit.ru от 31.03.26,когда пройдут боли после эндопротезирования коленного сустава,2,0,0.00,0.00,0
2026-04-18,orto-fit.ru от 31.03.26,комбинированная контрактура коленного сустава после замены сустава,1,0,0.00,0.00,0
2026-04-18,orto-fit.ru от 31.03.26,лекарства после резекции мениска коленного сустава,2,0,0.00,0.00,0
2026-04-18,orto-fit.ru от 31.03.26,липецк когда принимают врачи из петербурга на предмет операции коленных суставов,1,0,0.00,0.00,0
2026-04-18,orto-fit.ru от 31.03.26,лфк для реабилитации после операции при замене коленного сустава по программе 8,1,0,0.00,0.00,0
2026-04-18,orto-fit.ru от 31.03.26,мазь для мениска коленного сустава,1,0,0.00,0.00,0
2026-04-18,orto-fit.ru от 31.03.26,массаж коленного сустава после операции при замене коленного сустава,1,0,0.00,0.00,0
2026-04-18,orto-fit.ru от 31.03.26,меги центр уфа операции на замену коленного сустава цена и отзывы,1,0,0.00,0.00,0
2026-04-18,orto-fit.ru от 31.03.26,медиопателлярная складка в колене реабилитация после операции,3,0,0.00,0.00,0
2026-04-18,orto-fit.ru от 31.03.26,мениск его удаляют или зашивают,1,0,0.00,0.00,0
2026-04-18,orto-fit.ru от 31.03.26,мениск коленного сустава,1,0,0.00,0.00,0
2026-04-18,orto-fit.ru от 31.03.26,мениск коленного сустава симптомы и признаки у женщин,1,0,0.00,0.00,0
2026-04-18,orto-fit.ru от 31.03.26,мениска коленного сустава что это такое и как лечить,2,0,0.00,0.00,0
2026-04-18,orto-fit.ru от 31.03.26,меняют ли коленный сустав при артрозе,1,0,0.00,0.00,0
2026-04-18,orto-fit.ru от 31.03.26,можно ди загиматься йогой при поврежденном менискн колена,1,0,0.00,0.00,0
2026-04-18,orto-fit.ru от 31.03.26,можно ли во время душа снимать ортез после операции на коленном суставе,1,0,0.00,0.00,0
2026-04-18,orto-fit.ru от 31.03.26,можно ли делать лазер на эндопротез коленного сустава,2,0,0.00,0.00,0
2026-04-18,orto-fit.ru от 31.03.26,на какой день можно делать лфк после артроскопии коленного сустава мениска,1,0,0.00,0.00,0
2026-04-18,orto-fit.ru от 31.03.26,насадка на унитаз после эндопротезирования коленного сустава,1,0,0.00,0.00,0
2026-04-18,orto-fit.ru от 31.03.26,нестабильность эндопротеза коленного сустава признаки,1,0,0.00,0.00,0
2026-04-18,orto-fit.ru от 31.03.26,нужно ли принимать прадаксу после операции на коленном суставе если есть склонность к кровотечениям,1,0,0.00,0.00,0
2026-04-18,orto-fit.ru от 31.03.26,обезболивающие после операции на коленке,1,1,100.00,10.83,0
2026-04-18,orto-fit.ru от 31.03.26,операция на коленном мениске сложная или нет,1,0,0.00,0.00,0
2026-04-18,orto-fit.ru от 31.03.26,операция на колено прочистка мениска в балашихе,1,0,0.00,0.00,0
2026-04-18,orto-fit.ru от 31.03.26,операция на мениск коленного сустава,1,0,0.00,0.00,0
2026-04-18,orto-fit.ru от 31.03.26,операция на мениске коленного сустава в ханты мансийске,1,0,0.00,0.00,0
2026-04-18,orto-fit.ru от 31.03.26,операция по восстановлению крестообразных связок и менисков в ржд медицина няндома,1,0,0.00,0.00,0
2026-04-18,orto-fit.ru от 31.03.26,операция по замене коленных суставов стоимость,1,0,0.00,0.00,0
2026-04-18,orto-fit.ru от 31.03.26,отзывы коленный протез motivation к еди tray 63mm,1,0,0.00,0.00,0
2026-04-18,orto-fit.ru от 31.03.26,отзывы по замене коленного сустава пациентов,1,0,0.00,0.00,0
2026-04-18,orto-fit.ru от 31.03.26,отрыв корня мениска коленного сустава,3,1,33.33,3.15,0
2026-04-18,orto-fit.ru от 31.03.26,ощущения при порванном мениске в колене,1,0,0.00,0.00,0
2026-04-18,orto-fit.ru от 31.03.26,пластика передней крестообразной связки коленного сустава восстановление после операции максимальный больничный лист,1,0,0.00,0.00,0
2026-04-18,orto-fit.ru от 31.03.26,пластика пкс и резекция мениска как быстро начинают ходить,1,0,0.00,0.00,0
2026-04-18,orto-fit.ru от 31.03.26,повреждение мениска колена,1,0,0.00,0.00,0
2026-04-18,orto-fit.ru от 31.03.26,повреждение мениска коленного сустава,2,0,0.00,0.00,0
2026-04-18,orto-fit.ru от 31.03.26,повреждение мениска коленного сустава можно танцевать,1,0,0.00,0.00,0
2026-04-18,orto-fit.ru от 31.03.26,повреждение мениска лечение и гомеопатия,1,1,100.00,21.16,0
2026-04-18,orto-fit.ru от 31.03.26,подготовка к операции на мениске и крестообразной связке,1,0,0.00,0.00,0
2026-04-18,orto-fit.ru от 31.03.26,показана ли замена коленного сустава при гонартрозе коленного сустава 3 степени,2,0,0.00,0.00,0
2026-04-18,orto-fit.ru от 31.03.26,полностью удалили задний рог мениска форум,1,0,0.00,0.00,0
2026-04-18,orto-fit.ru от 31.03.26,порядок получения квоты на операцию по замене коленного сустава,2,0,0.00,0.00,0
2026-04-18,orto-fit.ru от 31.03.26,после артроскопии коленного передняя часть колена натянута как пергамент,1,0,0.00,0.00,0
2026-04-18,orto-fit.ru от 31.03.26,после артроскопии коленного сустава приходьбе на костылях оперированной ногой наступать нельзя но нужно дотрагиваться до пола чтобы нога не забывала,1,0,0.00,0.00,0
2026-04-18,orto-fit.ru от 31.03.26,после артроскопии на мениске операции сколько дней надо ходить на костылях,1,0,0.00,0.00,0
2026-04-18,orto-fit.ru от 31.03.26,после замены коленного сустава горячее колено почему,1,0,0.00,0.00,0
2026-04-18,orto-fit.ru от 31.03.26,после замены коленного сустава горячее колено почему и как снимать отек,2,0,0.00,0.00,0
2026-04-18,orto-fit.ru от 31.03.26,после замены коленного сустава какие упражнения можно делать дома,1,0,0.00,0.00,0
2026-04-18,orto-fit.ru от 31.03.26,после замены коленного сустава отекает сильно нога что,1,0,0.00,0.00,0
2026-04-18,orto-fit.ru от 31.03.26,после операции на коленный сустав нужна сидушка на унитаз высокая,1,0,0.00,0.00,0
2026-04-18,orto-fit.ru от 31.03.26,после операции на мениск,1,0,0.00,0.00,0
2026-04-18,orto-fit.ru от 31.03.26,после проведения операции по восстановлению латерального мениска коленного сустава,1,1,100.00,16.93,0
2026-04-18,orto-fit.ru от 31.03.26,после прошествия двух месяцев после операции сколько времени можно сидеть или стоять после протезирования колена эндопротезом коленного сустава,1,0,0.00,0.00,0
2026-04-18,orto-fit.ru от 31.03.26,после частичной резекции мениска болит колено,1,0,0.00,0.00,0
2026-04-18,orto-fit.ru от 31.03.26,почему болит икроножная мышца после протезирования коленного сустава,1,0,0.00,0.00,0
2026-04-18,orto-fit.ru от 31.03.26,почему больно сгибать колено после эндопротезирования тазобедренного сустава,1,0,0.00,0.00,0
2026-04-18,orto-fit.ru от 31.03.26,почему после операции коленного сустава на руках и ногах огромные синяки,1,0,0.00,0.00,0
2026-04-18,orto-fit.ru от 31.03.26,почему после эндопротезирования коленного сустава колено не сгибается,1,0,0.00,0.00,0
2026-04-18,orto-fit.ru от 31.03.26,поэтапность восстановления после операции по замене коленного сустава,1,0,0.00,0.00,0
2026-04-18,orto-fit.ru от 31.03.26,при артрозе 1 степени разрыве мениски ходить очень трудно,1,0,0.00,0.00,0
2026-04-18,orto-fit.ru от 31.03.26,при артрозе 1степент разрыве мениски ходить очень трудно,1,0,0.00,0.00,0
2026-04-18,orto-fit.ru от 31.03.26,при проблемах с мениском нужна ли поддержка наммолено,1,0,0.00,0.00,0
2026-04-18,orto-fit.ru от 31.03.26,продольный разрыв мениска надо ли оперировать,1,0,0.00,0.00,0
2026-04-18,orto-fit.ru от 31.03.26,протез коленного сустава фото,1,0,0.00,0.00,0
2026-04-18,orto-fit.ru от 31.03.26,разрыв мениска,1,0,0.00,0.00,0
2026-04-18,orto-fit.ru от 31.03.26,разрыв мениска коленного сустава лечение,1,0,0.00,0.00,0
2026-04-18,orto-fit.ru от 31.03.26,разрыв мениска по lla,2,0,0.00,0.00,0
2026-04-18,orto-fit.ru от 31.03.26,разрыв мениска симптомы,1,0,0.00,0.00,0
2026-04-18,orto-fit.ru от 31.03.26,разрыв связок коленного сустава повреждение мениска,1,0,0.00,0.00,0
2026-04-18,orto-fit.ru от 31.03.26,реабилитация после замены коленного сустава,3,0,0.00,0.00,0
2026-04-18,orto-fit.ru от 31.03.26,реабилитация после замены коленного сустава в домашних условиях после операции,1,0,0.00,0.00,0
2026-04-18,orto-fit.ru от 31.03.26,реабилитация после замены коленного сустава в домашних условиях после операции сколько длится,3,0,0.00,0.00,0
2026-04-18,orto-fit.ru от 31.03.26,реабилитация после замены сустава коленного правило прямого угла,1,0,0.00,0.00,0
2026-04-18,orto-fit.ru от 31.03.26,реабилитация после операции на мениске и связках коленного сустава,1,0,0.00,0.00,0
2026-04-18,orto-fit.ru от 31.03.26,резекция мениска реабилитация после операции,1,0,0.00,0.00,0
2026-04-18,orto-fit.ru от 31.03.26,сколько весит эндопротез коленного сустава фото,1,0,0.00,0.00,0
2026-04-18,orto-fit.ru от 31.03.26,сколько времени занимает реабилитация после операции на мениске,1,0,0.00,0.00,0
2026-04-18,orto-fit.ru от 31.03.26,сколько времени ходить с тростью после эндопротезирования коленного сустава,2,0,0.00,0.00,0
2026-04-18,orto-fit.ru от 31.03.26,сколько делается операция на мениск,1,0,0.00,0.00,0
2026-04-18,orto-fit.ru от 31.03.26,сколько длится больничный после замены коленного сустава после эндопротезирования коленного сустава,1,0,0.00,0.00,0
2026-04-18,orto-fit.ru от 31.03.26,сколько дней реабилитация после замены мениска коленного сустава после операции,2,1,50.00,10.17,0
2026-04-18,orto-fit.ru от 31.03.26,сколько нельзя наступать на ногу после замены коленного сустава,1,0,0.00,0.00,0
2026-04-18,orto-fit.ru от 31.03.26,сколько носить компрессионные чулки после эндопротезирования коленного сустава,1,0,0.00,0.00,0
2026-04-18,orto-fit.ru от 31.03.26,сколько нужно ходить во время реабилитации после эндопротезирования коленного сустава после операции на 9 день после операции,1,0,0.00,0.00,0
2026-04-18,orto-fit.ru от 31.03.26,сколько нужно ходить после операции на мениск,2,0,0.00,0.00,0
2026-04-18,orto-fit.ru от 31.03.26,сколько реабилитация после замены коленного сустава,1,0,0.00,0.00,0
2026-04-18,orto-fit.ru от 31.03.26,сколько реабилитация после замены коленного сустава сколько не вставать,1,0,0.00,0.00,0
2026-04-18,orto-fit.ru от 31.03.26,сколько сохраняется боль после шва мениска,1,0,0.00,0.00,0
2026-04-18,orto-fit.ru от 31.03.26,сколько стоит замена коленного сустава в самаре,1,0,0.00,0.00,0
2026-04-18,orto-fit.ru от 31.03.26,сколько стоит замена мениска платно в калуге,2,1,50.00,15.54,0
2026-04-18,orto-fit.ru от 31.03.26,сколько ходить с бинтами после операции на коленном суставе,1,0,0.00,0.00,0
2026-04-18,orto-fit.ru от 31.03.26,сколько ходить с тросточкой после артроскопии мениска колена,1,0,0.00,0.00,0
2026-04-18,orto-fit.ru от 31.03.26,советы для быстрой реабилитации пкс и мениск,1,0,0.00,0.00,0
2026-04-18,orto-fit.ru от 31.03.26,состав коленного протеза motivation r tlb tray 63mm,1,0,0.00,0.00,0
2026-04-18,orto-fit.ru от 31.03.26,спиртовой компресс для мениска,1,0,0.00,0.00,0
2026-04-18,orto-fit.ru от 31.03.26,списание после замены коленных суставов,1,1,100.00,10.25,0
2026-04-18,orto-fit.ru от 31.03.26,спортивное восстановление после операции на коленный сустав,1,0,0.00,0.00,0
2026-04-18,orto-fit.ru от 31.03.26,становиться человек инвалидом после операции по замене коленного сустава,1,0,0.00,0.00,0
2026-04-18,orto-fit.ru от 31.03.26,степпер после эндопротезирования колена какой нужен,1,0,0.00,0.00,0
2026-04-18,orto-fit.ru от 31.03.26,стоимость операции на мениске коленного сустава,1,0,0.00,0.00,0
2026-04-18,orto-fit.ru от 31.03.26,стоимость операции по замене коленного сустава,2,0,0.00,0.00,0
2026-04-18,orto-fit.ru от 31.03.26,стоит ли заниматься спортом после резекции мениска,1,1,100.00,84.02,0
2026-04-18,orto-fit.ru от 31.03.26,травма мениска,1,0,0.00,0.00,0
2026-04-18,orto-fit.ru от 31.03.26,травма мениска острая,1,0,0.00,0.00,0
2026-04-18,orto-fit.ru от 31.03.26,тянет ступню после пластики зкс колена,1,0,0.00,0.00,0
2026-04-18,orto-fit.ru от 31.03.26,упражнения для реабилитации колена после операции,2,0,0.00,0.00,0
2026-04-18,orto-fit.ru от 31.03.26,упражнения на квадрицепс при больных коленях,1,0,0.00,0.00,0
2026-04-18,orto-fit.ru от 31.03.26,упражнения после замены коленного сустава для разработки через месяц,1,0,0.00,0.00,0
2026-04-18,orto-fit.ru от 31.03.26,упражнения после операции по замене сустава,1,0,0.00,0.00,0
2026-04-18,orto-fit.ru от 31.03.26,упражнения после эндопротезирования коленного сустава,1,1,100.00,15.51,0
2026-04-18,orto-fit.ru от 31.03.26,физиотерапия после эндопротезирования коленного сустава какая назначается,1,0,0.00,0.00,0
2026-04-18,orto-fit.ru от 31.03.26,физические упражнения при травме коленного сустава после эндопротезирования,2,0,0.00,0.00,0
2026-04-18,orto-fit.ru от 31.03.26,фиксатор коленей при мениске,1,0,0.00,0.00,0
2026-04-18,orto-fit.ru от 31.03.26,форум осложнения после операции на коленном суставе после эндопротезирования,2,1,50.00,9.85,0
2026-04-18,orto-fit.ru от 31.03.26,фото из каких металлов состоит коленный протез motivation к еди tray 63mm,1,0,0.00,0.00,0
2026-04-18,orto-fit.ru от 31.03.26,фото описание коленный протез motivation к еди tray 63mm,1,0,0.00,0.00,0
2026-04-18,orto-fit.ru от 31.03.26,ходьба с одним костылем после протезирования коленного сустава,2,0,0.00,0.00,0
2026-04-18,orto-fit.ru от 31.03.26,частичное удаление мениска коленного сустава последствия,1,1,100.00,25.89,0
2026-04-18,orto-fit.ru от 31.03.26,через сколько времени можно делать массаж после протезирования колена эндопротезом коленного сустава,1,0,0.00,0.00,0
2026-04-18,orto-fit.ru от 31.03.26,что будет после удаления мениска разрыв,2,0,0.00,0.00,0
2026-04-18,orto-fit.ru от 31.03.26,что делать если мениск поврежден в коленке и защемил нерв,2,0,0.00,0.00,0
2026-04-18,orto-fit.ru от 31.03.26,что колют в спину при операции на колени,1,0,0.00,0.00,0
2026-04-18,orto-fit.ru от 31.03.26,что нельзя делать после эндопротезирования коленного сустава,1,0,0.00,0.00,0
2026-04-18,orto-fit.ru от 31.03.26,что такое блокада при разрыве мениска,2,0,0.00,0.00,0
2026-04-18,orto-fit.ru от 31.03.26,что это за протез аннотация коленный протез motivation к еди tray 63mm,1,0,0.00,0.00,0
2026-04-18,orto-fit.ru от 31.03.26,шов мениска прошло 3 недели после операции колено побаливает,1,0,0.00,0.00,0
2026-04-18,orto-fit.ru от 31.03.26,эндопротез коленного сустава,1,1,100.00,126.74,0
2026-04-18,orto-fit.ru от 31.03.26,эндопротез коленный сустав срок службы,1,0,0.00,0.00,0
2026-04-18,orto-fit.ru от 31.03.26,эндопротезирование коленного сустава когда поздно,1,0,0.00,0.00,0
2026-04-19,orto-fit.ru от 31.03.26,90 процентов резекция мениска это много,1,0,0.00,0.00,0
2026-04-19,orto-fit.ru от 31.03.26,stoller 2 менисков форум,2,1,50.00,49.23,0
2026-04-19,orto-fit.ru от 31.03.26,артроз 3 степени коленного сустава инвалидность положена или нет,1,0,0.00,0.00,0
2026-04-19,orto-fit.ru от 31.03.26,артроскопическая рефиксация корня медиального мениска,1,0,0.00,0.00,0
2026-04-19,orto-fit.ru от 31.03.26,артроскопический шов корня медиального мениска http www artro s ru,2,0,0.00,0.00,0
2026-04-19,orto-fit.ru от 31.03.26,артроскопия коленного сустава при разрыве мениска за и против форум,1,1,100.00,77.56,0
2026-04-19,orto-fit.ru от 31.03.26,артроскопия со сверлением дырочек коленного сустава,2,0,0.00,0.00,0
2026-04-19,orto-fit.ru от 31.03.26,биопротезирование коленного сустава,2,0,0.00,0.00,0
2026-04-19,orto-fit.ru от 31.03.26,блокада коленного сустава при разрыве мениска что такое,1,0,0.00,0.00,0
2026-04-19,orto-fit.ru от 31.03.26,боли в колене после операции на надколенник,1,0,0.00,0.00,0
2026-04-19,orto-fit.ru от 31.03.26,болит колено после эндопротезирования коленного сустава сколько времени,1,0,0.00,0.00,0
2026-04-19,orto-fit.ru от 31.03.26,болит ли колено после операции,2,0,0.00,0.00,0
2026-04-19,orto-fit.ru от 31.03.26,будет ли болеть колено после операции,2,0,0.00,0.00,0
2026-04-19,orto-fit.ru от 31.03.26,была операция два месяца назад протезирование коленного сустава можно ли копать землю,1,0,0.00,0.00,0
2026-04-19,orto-fit.ru от 31.03.26,в какой больнице лучше лечить мениск коленного сустава,1,0,0.00,0.00,0
2026-04-19,orto-fit.ru от 31.03.26,в какой мед клинике можно сделать операцию мениска коленного сустава по омс в благовещенске амур обл,1,0,0.00,0.00,0
2026-04-19,orto-fit.ru от 31.03.26,в каком случае делают артроскопию коленного мениска а в каком консервативное лечение,2,0,0.00,0.00,0
2026-04-19,orto-fit.ru от 31.03.26,в коленном суставе после операции остался металлический конструкция что за операция которая удаляет их как это происходит,3,0,0.00,0.00,0
2026-04-19,orto-fit.ru от 31.03.26,в ранний послеоперационный период эндопротезиров колен сустава сколько можно ходить,2,0,0.00,0.00,0
2026-04-19,orto-fit.ru от 31.03.26,видео как правильно ходить на костылях после эндопротезирования коленного сустава,1,0,0.00,0.00,0
2026-04-19,orto-fit.ru от 31.03.26,влияет ли холтер на эндопротез колена,1,0,0.00,0.00,0
2026-04-19,orto-fit.ru от 31.03.26,внутренний шов после операции разрыва мениска как долго заживает и как скоро человек сможет вставать на ногу отзывы людей проходивших такую реабилитацию,1,0,0.00,0.00,0
2026-04-19,orto-fit.ru от 31.03.26,восстанавливается ли сухожилие под коленом после забора трансплантата,1,0,0.00,0.00,0
2026-04-19,orto-fit.ru от 31.03.26,восстановительный период после протезирования коленного сустава,1,1,100.00,56.50,0
2026-04-19,orto-fit.ru от 31.03.26,восстановление после замены коленного сустава,1,0,0.00,0.00,0
2026-04-19,orto-fit.ru от 31.03.26,восстановление после разрыва мениска,1,0,0.00,0.00,0
2026-04-19,orto-fit.ru от 31.03.26,восстановление после разрыва мениска коленного сустава,1,0,0.00,0.00,0
2026-04-19,orto-fit.ru от 31.03.26,время частичных дегеративных разрывов менисков,1,1,100.00,6.06,0
2026-04-19,orto-fit.ru от 31.03.26,где болит коленка при повреждении мениска,1,0,0.00,0.00,0
2026-04-19,orto-fit.ru от 31.03.26,гимнастика для коленного мениска,1,0,0.00,0.00,0
2026-04-19,orto-fit.ru от 31.03.26,дегенеративное повреждение заднего рога медиального мениска,1,0,0.00,0.00,0
2026-04-19,orto-fit.ru от 31.03.26,дегенеративное повреждение заднего рога медиального мениска 1 ст,1,0,0.00,0.00,0
2026-04-19,orto-fit.ru от 31.03.26,дегенеративные изменения медиального мениска лечение,1,0,0.00,0.00,0
2026-04-19,orto-fit.ru от 31.03.26,для колена мазать после операции,1,0,0.00,0.00,0
2026-04-19,orto-fit.ru от 31.03.26,для чего делают сверление в артроскопии коленного сустава,1,0,0.00,0.00,0
2026-04-19,orto-fit.ru от 31.03.26,доктор бубновский про разрыв мениска,1,0,0.00,0.00,0
2026-04-19,orto-fit.ru от 31.03.26,если надорван мениск,2,0,0.00,0.00,0
2026-04-19,orto-fit.ru от 31.03.26,если не делать упражнения после эндопротезирования коленного сустава,2,1,50.00,80.63,0
2026-04-19,orto-fit.ru от 31.03.26,если побаливает с внутренней стороны колена после операции на мениске что это значит у женщин,1,0,0.00,0.00,0
2026-04-19,orto-fit.ru от 31.03.26,если порвался мениск в коленном суставе что делать,1,1,100.00,6.77,0
2026-04-19,orto-fit.ru от 31.03.26,если после замены коленного сустава протез плохо сгибается можно повторно сделать операцию,2,0,0.00,0.00,0
2026-04-19,orto-fit.ru от 31.03.26,за сколько можно есть при операции по замене коленного сустава при артрозе,1,0,0.00,0.00,0
2026-04-19,orto-fit.ru от 31.03.26,замена коленного сустава в 78 лет,1,0,0.00,0.00,0
2026-04-19,orto-fit.ru от 31.03.26,замена коленного сустава как называется операция,1,0,0.00,0.00,0
2026-04-19,orto-fit.ru от 31.03.26,замена коленного сустава послеоперационный период сколько длится,1,0,0.00,0.00,0
2026-04-19,orto-fit.ru от 31.03.26,замена сустава колена по полису омс,1,0,0.00,0.00,0
2026-04-19,orto-fit.ru от 31.03.26,зарядка коленного сустава при повреждении мениска и связок,1,0,0.00,0.00,0
2026-04-19,orto-fit.ru от 31.03.26,зубы плохие могут отказать в эндопротезировании коленного сустава,1,0,0.00,0.00,0
2026-04-19,orto-fit.ru от 31.03.26,искусственный коленный сустав,1,0,0.00,0.00,0
2026-04-19,orto-fit.ru от 31.03.26,как быстро спадает отек после операции на мениск,1,0,0.00,0.00,0
2026-04-19,orto-fit.ru от 31.03.26,как восстановить мышечный тонус при артрозе и разрыве мениска коленного сустава,1,0,0.00,0.00,0
2026-04-19,orto-fit.ru от 31.03.26,как встать на квоту замена коленного сустава в питере и какие документы нужны,1,0,0.00,0.00,0
2026-04-19,orto-fit.ru от 31.03.26,как встать на квоту замена коленного сустава в питере и какие документы нужны и какая цена,2,0,0.00,0.00,0
2026-04-19,orto-fit.ru от 31.03.26,как вылечить разрыв мениска без операции коленного сустава,1,0,0.00,0.00,0
2026-04-19,orto-fit.ru от 31.03.26,как делают операцию на коленном суставе,1,0,0.00,0.00,0
2026-04-19,orto-fit.ru от 31.03.26,как добиться полного разгибания ноги в колене после эндопротезирования коленного сустава,1,0,0.00,0.00,0
2026-04-19,orto-fit.ru от 31.03.26,как долго болит нога после эндопротезирования коленного сустава отзывы пациентов,1,0,0.00,0.00,0
2026-04-19,orto-fit.ru от 31.03.26,как долго лечить повреждения менисков 1 2 степени коленного сустава,3,0,0.00,0.00,0
2026-04-19,orto-fit.ru от 31.03.26,как долго нужно бинтовать ноги после эндопротезирования коленного сустава после операции,1,0,0.00,0.00,0
2026-04-19,orto-fit.ru от 31.03.26,как долго отек и боль после замены коленного сустава,2,0,0.00,0.00,0
2026-04-19,orto-fit.ru от 31.03.26,как долго проходит реабилитация после замены коленного сустава,1,0,0.00,0.00,0
2026-04-19,orto-fit.ru от 31.03.26,как затейпировать колено если у тебя поврежден задний рог мениска,2,0,0.00,0.00,0
2026-04-19,orto-fit.ru от 31.03.26,как лечить повреждение мениска после травмы,1,0,0.00,0.00,0
2026-04-19,orto-fit.ru от 31.03.26,как меняют коленный сустав,1,0,0.00,0.00,0
2026-04-19,orto-fit.ru от 31.03.26,как можно лечить неполный разрыв мениска,1,0,0.00,0.00,0
2026-04-19,orto-fit.ru от 31.03.26,как надо спать после операции на разрыве мениска коленного сустава,2,1,50.00,1.73,0
2026-04-19,orto-fit.ru от 31.03.26,как научиться ходить правильно на костылях после операции на коленном суставе,1,0,0.00,0.00,0
2026-04-19,orto-fit.ru от 31.03.26,как провести сгибание коленного сустава после операции в домашних условиях,1,0,0.00,0.00,0
2026-04-19,orto-fit.ru от 31.03.26,как проходит операция на связки коленного сустава,1,0,0.00,0.00,0
2026-04-19,orto-fit.ru от 31.03.26,как проходит операция на связки коленного сустава можно ли оформить инвалидность после операции,1,0,0.00,0.00,0
2026-04-19,orto-fit.ru от 31.03.26,как согнуть колено после операции,1,0,0.00,0.00,0
2026-04-19,orto-fit.ru от 31.03.26,какая стоимость платной операции по замене коленного сустава платно,1,0,0.00,0.00,0
2026-04-19,orto-fit.ru от 31.03.26,какие боли при разрыве мениска коленного сустава,1,0,0.00,0.00,0
2026-04-19,orto-fit.ru от 31.03.26,какие нагрузки допустимо после артроскопии коленного,2,0,0.00,0.00,0
2026-04-19,orto-fit.ru от 31.03.26,какие обезболивающие таблетки пить после операции замена колена сустава,2,0,0.00,0.00,0
2026-04-19,orto-fit.ru от 31.03.26,какие осложнения могут возникнуть при поражении медиального мениска,1,0,0.00,0.00,0
2026-04-19,orto-fit.ru от 31.03.26,какие уколы и препараты после артроскопии резекции мениска коленного сустава назначают 2 месяца после операции,1,0,0.00,0.00,0
2026-04-19,orto-fit.ru от 31.03.26,какие уколы и препараты после артроскопии резекции мениска коленного сустава назначают 3,2,0,0.00,0.00,0
2026-04-19,orto-fit.ru от 31.03.26,какие упражнения делать после операции на коленном суставе,1,0,0.00,0.00,0
2026-04-19,orto-fit.ru от 31.03.26,какие шлепки удобные для ходьбы после ну заменения сустава коленного,1,0,0.00,0.00,0
2026-04-19,orto-fit.ru от 31.03.26,каким спортом можно заниматься через полгода после операции по протезированию коленного сустава,2,1,50.00,19.49,0
2026-04-19,orto-fit.ru от 31.03.26,какому врачу обратиться разрыв мениска,1,0,0.00,0.00,0
2026-04-19,orto-fit.ru от 31.03.26,китайские протезы коленного сустава отзывы врачей,2,1,50.00,17.55,0
2026-04-19,orto-fit.ru от 31.03.26,когда выписывают после артроскопии коленного мениска резекции мениска,1,0,0.00,0.00,0
2026-04-19,orto-fit.ru от 31.03.26,когда должно пройти воспаление колена после операции,1,0,0.00,0.00,0
2026-04-19,orto-fit.ru от 31.03.26,когда зашито мениск через какое время можно заниматься,2,0,0.00,0.00,0
2026-04-19,orto-fit.ru от 31.03.26,когда зашито мениск через какое время можно заниматься гимнастикой,1,0,0.00,0.00,0
2026-04-19,orto-fit.ru от 31.03.26,когда можно бросать костыли после замены коленного сустава на,1,0,0.00,0.00,0
2026-04-19,orto-fit.ru от 31.03.26,когда можно вставать на колени после пкс,1,0,0.00,0.00,0
2026-04-19,orto-fit.ru от 31.03.26,когда можно вставать на колени после реконструкции пкс,1,0,0.00,0.00,0
2026-04-19,orto-fit.ru от 31.03.26,когда можно полностью наступать на ногу после эндопротезирования колена,1,0,0.00,0.00,0
2026-04-19,orto-fit.ru от 31.03.26,когда спадет отек после эндопротезирования коленного сустава,1,0,0.00,0.00,0
2026-04-19,orto-fit.ru от 31.03.26,консервативное лечение мениска коленного,1,0,0.00,0.00,0
2026-04-19,orto-fit.ru от 31.03.26,крестообразная связка после операции,1,0,0.00,0.00,0
2026-04-19,orto-fit.ru от 31.03.26,крыльцо для больных коленей,1,0,0.00,0.00,0
2026-04-19,orto-fit.ru от 31.03.26,куда распределяют по омс после эндопротезирования коленного сустава в свердловской области,3,1,33.33,13.83,0
2026-04-19,orto-fit.ru от 31.03.26,лекарства для мениска уколы,1,0,0.00,0.00,0
2026-04-19,orto-fit.ru от 31.03.26,лечебная физкультура для коленного сустава при разрыве мениска заднего рога,4,0,0.00,0.00,0
2026-04-19,orto-fit.ru от 31.03.26,лечебно реабилитационные центры после эндопротезирования,1,0,0.00,0.00,0
2026-04-19,orto-fit.ru от 31.03.26,лечение после артроскопии резекции мениска коленного сустава,2,0,0.00,0.00,0
2026-04-19,orto-fit.ru от 31.03.26,линейный разрыв заднего рога медиального мениска 3 степени по stoller лечение,3,0,0.00,0.00,0
2026-04-19,orto-fit.ru от 31.03.26,лфк для после операции по замене сустава,1,0,0.00,0.00,0
2026-04-19,orto-fit.ru от 31.03.26,лфк после эндопротезирования коленного сустава,1,0,0.00,0.00,0
2026-04-19,orto-fit.ru от 31.03.26,мениск как болит,1,0,0.00,0.00,0
2026-04-19,orto-fit.ru от 31.03.26,мениск коленного сустава,1,0,0.00,0.00,0
2026-04-19,orto-fit.ru от 31.03.26,мениск коленного сустава симптомы и признаки у женщин после 60 лечение,1,0,0.00,0.00,0
2026-04-19,orto-fit.ru от 31.03.26,мениск коленного сустава что это и как лечить,1,0,0.00,0.00,0
2026-04-19,orto-fit.ru от 31.03.26,мениск порвал что делать,1,0,0.00,0.00,0
2026-04-19,orto-fit.ru от 31.03.26,мениск после операции долго болит,1,1,100.00,1.88,0
2026-04-19,orto-fit.ru от 31.03.26,менископатии,1,0,0.00,0.00,0
2026-04-19,orto-fit.ru от 31.03.26,может ли отекать колено после операции на мениске,1,0,0.00,0.00,0
2026-04-19,orto-fit.ru от 31.03.26,можно ли в саратове взять в аренду аппарат артромот для разработки сустава,1,1,100.00,35.55,1
2026-04-19,orto-fit.ru от 31.03.26,можно ли вставать на колени после эндопротезирования коленных суставов и когда,2,1,50.00,2.73,0
2026-04-19,orto-fit.ru от 31.03.26,можно ли вставать на оперированную коленку после восстановления замены сустава,1,0,0.00,0.00,0
2026-04-19,orto-fit.ru от 31.03.26,можно ли греть мениск,1,0,0.00,0.00,0
2026-04-19,orto-fit.ru от 31.03.26,можно ли делать компресс на колено с эндопротезом,1,0,0.00,0.00,0
2026-04-19,orto-fit.ru от 31.03.26,можно ли делать прогревание при разрыве мениска,1,0,0.00,0.00,0
2026-04-19,orto-fit.ru от 31.03.26,можно ли мазать колено обезболивающими после эндопротезирования коленного сустава,2,0,0.00,0.00,0
2026-04-19,orto-fit.ru от 31.03.26,можно ли наступать на ногу при разрыве мениска,1,0,0.00,0.00,0
2026-04-19,orto-fit.ru от 31.03.26,можно ли носить ортез после замены коленного сустава,1,0,0.00,0.00,0
2026-04-19,orto-fit.ru от 31.03.26,можно ли после замены коленного сустава лежать на стороне где была операция,1,0,0.00,0.00,0
2026-04-19,orto-fit.ru от 31.03.26,можно ли после хондропластики колена стоять на колене,1,0,0.00,0.00,0
2026-04-19,orto-fit.ru от 31.03.26,можно ли после хондропластики колена стоять на коленях,1,0,0.00,0.00,0
2026-04-19,orto-fit.ru от 31.03.26,можно ли при травме мениска принимать горячую ванну,1,0,0.00,0.00,0
2026-04-19,orto-fit.ru от 31.03.26,можно ли прикладывать фольгу на колено после операции по замене коленного сустава,2,1,50.00,13.46,0
2026-04-19,orto-fit.ru от 31.03.26,можно ли сгибать колено если надломлена мениск,1,0,0.00,0.00,0
2026-04-19,orto-fit.ru от 31.03.26,можно ли сделать массаж после эндопротезирования коленного сустава,1,0,0.00,0.00,0
2026-04-19,orto-fit.ru от 31.03.26,можно ли снимать ортез на ночь после операции на коленном суставе рекомендации,1,0,0.00,0.00,0
2026-04-19,orto-fit.ru от 31.03.26,можно ли спать на боку при замене коленного сустава,1,0,0.00,0.00,0
2026-04-19,orto-fit.ru от 31.03.26,на какой день после операции коленного сустава может подняться температура,1,0,0.00,0.00,0
2026-04-19,orto-fit.ru от 31.03.26,надорван мениск,1,0,0.00,0.00,0
2026-04-19,orto-fit.ru от 31.03.26,надрыв мениска,1,0,0.00,0.00,0
2026-04-19,orto-fit.ru от 31.03.26,накладка на унитаз после операции на коленном суставе,3,0,0.00,0.00,0
2026-04-19,orto-fit.ru от 31.03.26,наколенник во время восстановления после резекции мениска,3,0,0.00,0.00,0
2026-04-19,orto-fit.ru от 31.03.26,наколенник при повреждении мениска,1,0,0.00,0.00,0
2026-04-19,orto-fit.ru от 31.03.26,нарушение сна у взрослых после операции на коленном суставе,2,0,0.00,0.00,0
2026-04-19,orto-fit.ru от 31.03.26,нужны ли костыли после операции мениска коленного сустава,1,1,100.00,5.54,0
2026-04-19,orto-fit.ru от 31.03.26,операция мениска коленного сустава,1,0,0.00,0.00,0
2026-04-19,orto-fit.ru от 31.03.26,операция на коленном суставе по квоте в барнауле,1,0,0.00,0.00,0
2026-04-19,orto-fit.ru от 31.03.26,операция на колено как называется,2,0,0.00,0.00,0
2026-04-19,orto-fit.ru от 31.03.26,операция на колено по замене мениска,1,0,0.00,0.00,0
2026-04-19,orto-fit.ru от 31.03.26,операция на мениск по омс,1,0,0.00,0.00,0
2026-04-19,orto-fit.ru от 31.03.26,операция на мениск разрыв 3 степени по омс,1,0,0.00,0.00,0
2026-04-19,orto-fit.ru от 31.03.26,операция по замене коленного сустава реабилитация,1,0,0.00,0.00,0
2026-04-19,orto-fit.ru от 31.03.26,операция по замене коленного сустава сколько реабилитация в возрасте 75 лет,2,0,0.00,0.00,0
2026-04-19,orto-fit.ru от 31.03.26,ортез после операции на мениске,2,0,0.00,0.00,0
2026-04-19,orto-fit.ru от 31.03.26,ортез при повреждении мениска коленного сустава,1,0,0.00,0.00,0
2026-04-19,orto-fit.ru от 31.03.26,ортезы для коленного сустава при разрыве мениска коленного сустава,1,0,0.00,0.00,0
2026-04-19,orto-fit.ru от 31.03.26,отзывы людей как жили после того как порвали связку и вместе с тем сказали менять колено,1,0,0.00,0.00,0
2026-04-19,orto-fit.ru от 31.03.26,отзывы людей после замены коленного сустава,3,0,0.00,0.00,0
2026-04-19,orto-fit.ru от 31.03.26,отзывы о эндопротезировании коленного сустава,1,0,0.00,0.00,0
2026-04-19,orto-fit.ru от 31.03.26,отзывы пациентов после артроскопии коленного сустава мениска,2,1,50.00,7.91,0
2026-04-19,orto-fit.ru от 31.03.26,отзывы пациентов после замены коленного сустава,1,0,0.00,0.00,0
2026-04-19,orto-fit.ru от 31.03.26,питание после артроскопии коленного сустава,1,0,0.00,0.00,0
2026-04-19,orto-fit.ru от 31.03.26,пластика пкс коленного сустава,1,0,0.00,0.00,0
2026-04-19,orto-fit.ru от 31.03.26,побочные действия мениска,1,0,0.00,0.00,0
2026-04-19,orto-fit.ru от 31.03.26,повреждение заднего рога медиального мениска 3 степени по stoller,1,0,0.00,0.00,0
2026-04-19,orto-fit.ru от 31.03.26,повреждение заднего рога мениска 2 степени,2,0,0.00,0.00,0
2026-04-19,orto-fit.ru от 31.03.26,повреждение медиального мениска 1 степени по stoller,1,0,0.00,0.00,0
2026-04-19,orto-fit.ru от 31.03.26,повреждение медиального мениска 2 степени по stoller к чему приводит,1,0,0.00,0.00,0
2026-04-19,orto-fit.ru от 31.03.26,повреждение медиального мениска 2 степени по stoller синовит,1,0,0.00,0.00,0
2026-04-19,orto-fit.ru от 31.03.26,повреждение медиального мениска 2 степени по stoller синовит горизонтальный,1,0,0.00,0.00,0
2026-04-19,orto-fit.ru от 31.03.26,повреждение мениска 2 степени коленного сустава,1,0,0.00,0.00,0
2026-04-19,orto-fit.ru от 31.03.26,повреждения латерального мениска в области тела и переднего рога 2 степени,1,0,0.00,0.00,0
2026-04-19,orto-fit.ru от 31.03.26,поделитесь опытом кто менял коленный сустав,1,0,0.00,0.00,0
2026-04-19,orto-fit.ru от 31.03.26,подрезали коленные чашечки не может ходить,1,0,0.00,0.00,0
2026-04-19,orto-fit.ru от 31.03.26,полностью удалили мениск форум,1,0,0.00,0.00,0
2026-04-19,orto-fit.ru от 31.03.26,поможет ли укол синовиальной жидкости при разрыве мениска,1,0,0.00,0.00,0
2026-04-19,orto-fit.ru от 31.03.26,порвал связку и повредил мениск прошел год стоит ли делать операцию,1,0,0.00,0.00,0
2026-04-19,orto-fit.ru от 31.03.26,порвался мениск симптомы,1,0,0.00,0.00,0
2026-04-19,orto-fit.ru от 31.03.26,после артроскопии колена выкачали жидкость в ней было немного крови это плохо,1,0,0.00,0.00,0
2026-04-19,orto-fit.ru от 31.03.26,после длительных забегов болит колено где рвался мениск,1,0,0.00,0.00,0
2026-04-19,orto-fit.ru от 31.03.26,после длительных забегов болит операционный мениск что делать,1,0,0.00,0.00,0
2026-04-19,orto-fit.ru от 31.03.26,после замены коленного сустава внутри скопилась жидкость где она находится с внутренней или наружной стороны колена,2,0,0.00,0.00,0
2026-04-19,orto-fit.ru от 31.03.26,после операции в коленном суставе сужение коленном суставе 1 мл,2,0,0.00,0.00,0
2026-04-19,orto-fit.ru от 31.03.26,после операции на колено мениска какое физкультура делать,2,1,50.00,3.13,0
2026-04-19,orto-fit.ru от 31.03.26,после операции на мениск через сколько можно ходить без костылей,1,0,0.00,0.00,0
2026-04-19,orto-fit.ru от 31.03.26,после операции по замене коленного сустава когда можно выйти на работу,2,0,0.00,0.00,0
2026-04-19,orto-fit.ru от 31.03.26,после протезирования коленного сустава прошло 7 лет но на колено не могу наступать,1,0,0.00,0.00,0
2026-04-19,orto-fit.ru от 31.03.26,после протезирования коленного сустава через год нужно показываться травматологу,1,0,0.00,0.00,0
2026-04-19,orto-fit.ru от 31.03.26,после протезирования коленных суставов болят мышцы голени и икры что делать в домашних условиях,2,0,0.00,0.00,0
2026-04-19,orto-fit.ru от 31.03.26,после процедуры prp время восстановления разрыва мениска,2,0,0.00,0.00,0
2026-04-19,orto-fit.ru от 31.03.26,после эндопротезирования коленного сустава прошел месяц и неделя я чувствую сустав шевелится,1,0,0.00,0.00,0
2026-04-19,orto-fit.ru от 31.03.26,после эндопротезирования коленного сустава тяжело ставить,1,0,0.00,0.00,0
2026-04-19,orto-fit.ru от 31.03.26,после эндопротезирования тазобедренного сустава периодически щелкает в колене,1,0,0.00,0.00,0
2026-04-19,orto-fit.ru от 31.03.26,почему в ортез нога после операции колено опухает,1,0,0.00,0.00,0
2026-04-19,orto-fit.ru от 31.03.26,при какой ситуации после операции мениска травматолог может не назначить ношение ортеза,2,0,0.00,0.00,0
2026-04-19,orto-fit.ru от 31.03.26,при обострении после операции на коленном суставе какое лечение,1,0,0.00,0.00,0
2026-04-19,orto-fit.ru от 31.03.26,при остеопорозе делают эндопротезирование коленного сустава,2,0,0.00,0.00,0
2026-04-19,orto-fit.ru от 31.03.26,при повреждении мениска какие симптомы,2,0,0.00,0.00,0
2026-04-19,orto-fit.ru от 31.03.26,при разрыве мениска что пить,1,0,0.00,0.00,0
2026-04-19,orto-fit.ru от 31.03.26,продолжительность операции на мениске,1,1,100.00,31.01,0
2026-04-19,orto-fit.ru от 31.03.26,продукты заживление мениска меню,1,0,0.00,0.00,0
2026-04-19,orto-fit.ru от 31.03.26,протез мениска коленного сустава,1,0,0.00,0.00,0
2026-04-19,orto-fit.ru от 31.03.26,прошел месяц после протезирования коленного сустава болит правая сторона колена можно помазать мазью,1,1,100.00,5.46,0
2026-04-19,orto-fit.ru от 31.03.26,разорвал мениск симптомы,1,0,0.00,0.00,0
2026-04-19,orto-fit.ru от 31.03.26,разорван мениск коленного сустава что делать,1,0,0.00,0.00,0
2026-04-19,orto-fit.ru от 31.03.26,разрабатывать колено после эндопротезирования в орле,1,0,0.00,0.00,0
2026-04-19,orto-fit.ru от 31.03.26,разрыв заднего рога внутреннего мениска 3 степени,1,0,0.00,0.00,0
2026-04-19,orto-fit.ru от 31.03.26,разрыв корня мениска коленного сустава на сколько дней дают больничный лист,1,0,0.00,0.00,0
2026-04-19,orto-fit.ru от 31.03.26,разрыв мениска,2,0,0.00,0.00,0
2026-04-19,orto-fit.ru от 31.03.26,разрыв мениска какие упражнения можно,2,0,0.00,0.00,0
2026-04-19,orto-fit.ru от 31.03.26,разрыв мениска коленного сустава,1,0,0.00,0.00,0
2026-04-19,orto-fit.ru от 31.03.26,разрыв мениска коленного сустава как лечить дома что делать в домашних условиях,1,0,0.00,0.00,0
2026-04-19,orto-fit.ru от 31.03.26,разрыв мениска коленного сустава лечение и восстановление без операции,2,0,0.00,0.00,0
2026-04-19,orto-fit.ru от 31.03.26,разрыв мениска операция отзывы пациентов,1,0,0.00,0.00,0
2026-04-19,orto-fit.ru от 31.03.26,разрыв мениска симптомы коленного сустава,2,0,0.00,0.00,0
2026-04-19,orto-fit.ru от 31.03.26,разрыв пкс и повреждение мениска,1,0,0.00,0.00,0
2026-04-19,orto-fit.ru от 31.03.26,разрыв связок мениска коленного сустава симптомы,1,0,0.00,0.00,0
2026-04-19,orto-fit.ru от 31.03.26,реабилитационные центры после эндопротезирования коленного сустава киров,1,0,0.00,0.00,0
2026-04-19,orto-fit.ru от 31.03.26,реабилитационный центр опорно двигательного аппарата,2,0,0.00,0.00,0
2026-04-19,orto-fit.ru от 31.03.26,реабилитационный центр после эндопротезирования коленного сустава,2,0,0.00,0.00,0
2026-04-19,orto-fit.ru от 31.03.26,реабилитация после замены коленного сустава где пройти в городе ангарске,2,0,0.00,0.00,0
2026-04-19,orto-fit.ru от 31.03.26,реабилитация после операции коленного сустава,3,0,0.00,0.00,0
2026-04-19,orto-fit.ru от 31.03.26,реабилитация после операции на коленном суставе,1,0,0.00,0.00,0
2026-04-19,orto-fit.ru от 31.03.26,реабилитация после операции на коленном суставе перелом коленной чашечки,1,0,0.00,0.00,0
2026-04-19,orto-fit.ru от 31.03.26,реабилитация после пластики пкс коленного сустава,2,0,0.00,0.00,0
2026-04-19,orto-fit.ru от 31.03.26,реабилитация после разрыва связок коленного сустава,1,0,0.00,0.00,0
2026-04-19,orto-fit.ru от 31.03.26,реабилитация после травмы коленного сустава,1,0,0.00,0.00,0
2026-04-19,orto-fit.ru от 31.03.26,реабилитация после травмы коленного сустава санатории,2,0,0.00,0.00,0
2026-04-19,orto-fit.ru от 31.03.26,реабилитация после эндопротезирования коленного сустава в щелковской больнице цены и поомс,1,0,0.00,0.00,0
2026-04-19,orto-fit.ru от 31.03.26,санаторий апрель реабилитация после операции пкс коленного сустава цена,1,0,0.00,0.00,0
2026-04-19,orto-fit.ru от 31.03.26,симптомы порванного мениска,2,0,0.00,0.00,0
2026-04-19,orto-fit.ru от 31.03.26,симптомы разрыва мениска коленного сустава может ли пульсировать и ныть нога отзывы,1,0,0.00,0.00,0
2026-04-19,orto-fit.ru от 31.03.26,симптомы разрыва мениска коленного сустава может ли пульсировать и ныть нога отзывы форум,1,0,0.00,0.00,0
2026-04-19,orto-fit.ru от 31.03.26,сколько времени бинтовать ноги после эндопротезирования коленного сустава,1,0,0.00,0.00,0
2026-04-19,orto-fit.ru от 31.03.26,сколько времени болит сустав после эндопротезирования колена,1,0,0.00,0.00,0
2026-04-19,orto-fit.ru от 31.03.26,сколько времени лечится разрыв мениска коленного сустава,1,1,100.00,5.56,0
2026-04-19,orto-fit.ru от 31.03.26,сколько держат в больнице после замены коленного сустава,2,0,0.00,0.00,0
2026-04-19,orto-fit.ru от 31.03.26,сколько дней будет болеть нога после эндопротезирования коленного сустава после операции,1,0,0.00,0.00,0
2026-04-19,orto-fit.ru от 31.03.26,сколько дней на больничном после эндопротезирования колена,1,0,0.00,0.00,0
2026-04-19,orto-fit.ru от 31.03.26,сколько можно принимать омепразол после эндопротезирования коленного сустава,1,0,0.00,0.00,0
2026-04-19,orto-fit.ru от 31.03.26,сколько нужно носить бинты на ногах после операции замены коленного сустава,1,0,0.00,0.00,0
2026-04-19,orto-fit.ru от 31.03.26,сколько по времени надо ходить после смены коленного сустава ежедневно,1,0,0.00,0.00,0
2026-04-19,orto-fit.ru от 31.03.26,сколько по времени нельзя ходить после операции на мениске,2,0,0.00,0.00,0
2026-04-19,orto-fit.ru от 31.03.26,сколько стоит тотальное протезирование коленного сустава,2,0,0.00,0.00,0
2026-04-19,orto-fit.ru от 31.03.26,сколько стоит тотальное протезирование коленного сустава в ярославле,2,0,0.00,0.00,0
2026-04-19,orto-fit.ru от 31.03.26,сколько ходить на костылях после эндопротезирования коленного сустава,1,0,0.00,0.00,0
2026-04-19,orto-fit.ru от 31.03.26,спинальная анестезия последствия для женщин после операции на коленном суставе,1,0,0.00,0.00,0
2026-04-19,orto-fit.ru от 31.03.26,спустя год после разрыва пкс и повреждения мениска,1,0,0.00,0.00,0
2026-04-19,orto-fit.ru от 31.03.26,стоимость замены коленного сустава в питере по квоте,1,0,0.00,0.00,0
2026-04-19,orto-fit.ru от 31.03.26,травма мениска коленного сустава симптомы и лечение,1,0,0.00,0.00,0
2026-04-19,orto-fit.ru от 31.03.26,у мамы протез коленный как будто сбоку что то торчит что это,2,0,0.00,0.00,0
2026-04-19,orto-fit.ru от 31.03.26,удаленный мениск,1,0,0.00,0.00,0
2026-04-19,orto-fit.ru от 31.03.26,уколы против износа коленного сустава,1,0,0.00,0.00,0
2026-04-19,orto-fit.ru от 31.03.26,упражнения после апперцепции на мениск колена,1,0,0.00,0.00,0
2026-04-19,orto-fit.ru от 31.03.26,упражнения после замены коленного сустава,1,0,0.00,0.00,0
2026-04-19,orto-fit.ru от 31.03.26,упражнения после замены коленного сустава видео 2 этап реабилитации,1,0,0.00,0.00,0
2026-04-19,orto-fit.ru от 31.03.26,упражнения после эндопротезирования коленного сустава для реабилитации в домашних,2,1,50.00,19.55,0
2026-04-19,orto-fit.ru от 31.03.26,упражнения после эндопротезирования коленного сустава для реабилитации в домашних условиях видео,1,0,0.00,0.00,0
2026-04-19,orto-fit.ru от 31.03.26,устройство коленного протеза,1,0,0.00,0.00,0
2026-04-19,orto-fit.ru от 31.03.26,форум комментарии операция по замене коленного сустава сколько реабилитация в возрасте 75 лет,2,0,0.00,0.00,0
2026-04-19,orto-fit.ru от 31.03.26,частичный надрыв мениска коленного сустава симптомы и лечение,1,0,0.00,0.00,0
2026-04-19,orto-fit.ru от 31.03.26,частичный разрыв котеральной связок и разрыв мениска коленного сустава как долго заживает,1,0,0.00,0.00,0
2026-04-19,orto-fit.ru от 31.03.26,частичный разрыв связок и разрыв мениска коленного сустава как долго заживает,2,0,0.00,0.00,0
2026-04-19,orto-fit.ru от 31.03.26,чем лечат мениск коленного сустава,2,0,0.00,0.00,0
2026-04-19,orto-fit.ru от 31.03.26,чем мазать колено при болях при сгибании и разгибании мениск,1,0,0.00,0.00,0
2026-04-19,orto-fit.ru от 31.03.26,через какое время после эндопротезирования колена можно с костылей перейти на трость,1,0,0.00,0.00,0
2026-04-19,orto-fit.ru от 31.03.26,через сколько после замены связки можно становиться на колено,2,0,0.00,0.00,0
2026-04-19,orto-fit.ru от 31.03.26,через сколько проходит отек после операции на колено,2,0,0.00,0.00,0
2026-04-19,orto-fit.ru от 31.03.26,через сколько проходит отек после операции на передние крестообразные связки коленного сустава,2,0,0.00,0.00,0
2026-04-19,orto-fit.ru от 31.03.26,что входит в программу реабилитации после резекции мениска,1,0,0.00,0.00,0
2026-04-19,orto-fit.ru от 31.03.26,что входит в программу реабилитации после резекции мениска коленного сустава,1,0,0.00,0.00,0
2026-04-19,orto-fit.ru от 31.03.26,что делать когда порван мениск,1,0,0.00,0.00,0
2026-04-19,orto-fit.ru от 31.03.26,что делать после эндопротезирования коленного если плохо сгибается,1,0,0.00,0.00,0
2026-04-19,orto-fit.ru от 31.03.26,что значит повреждения менисков 1 2 степени коленного сустава,1,0,0.00,0.00,0
2026-04-19,orto-fit.ru от 31.03.26,что использовать для лечения мениска после операции народные средства,1,1,100.00,8.59,0
2026-04-19,orto-fit.ru от 31.03.26,что можно делать после недели протезирования коленного сустава,2,1,50.00,10.98,0
2026-04-19,orto-fit.ru от 31.03.26,что надо делать после того как сделали на колене пкс и укрепление мениска,2,0,0.00,0.00,0
2026-04-19,orto-fit.ru от 31.03.26,что нельзя делать при разрыве заднего рога медиального мениска,1,0,0.00,0.00,0
2026-04-19,orto-fit.ru от 31.03.26,что нельзя делать при травме мениска коленного сустава,1,0,0.00,0.00,0
2026-04-19,orto-fit.ru от 31.03.26,что такое артроскопия коленного сустава и мениска,2,0,0.00,0.00,0
2026-04-19,orto-fit.ru от 31.03.26,что такое контракта в коленном суставе после операции,1,0,0.00,0.00,0
2026-04-19,orto-fit.ru от 31.03.26,что такое эндопротезирование коленного сустава,2,2,100.00,23.92,0
2026-04-19,orto-fit.ru от 31.03.26,чувство жжения после операции по эндопротезированию коленного сустава,2,0,0.00,0.00,0
2026-04-19,orto-fit.ru от 31.03.26,чулки компрессионные для операции сколько носить после операции замены коленного сустава,2,0,0.00,0.00,0
2026-04-19,orto-fit.ru от 31.03.26,шов после эндопротезирования коленного сустава грубеет что делать,1,0,0.00,0.00,0
2026-04-19,orto-fit.ru от 31.03.26,шовный якорь для мениска,1,0,0.00,0.00,0
2026-04-19,orto-fit.ru от 31.03.26,шрам после замены коленного сустава фото,2,0,0.00,0.00,0
2026-04-19,orto-fit.ru от 31.03.26,я не захотела оперировать мениск,1,0,0.00,0.00,0
2026-04-20,orto-fit.ru от 31.03.26,1 месяц после операции коленного сустава бинтуют эластичным бинтом нужно при ходьбе надевать ортез,1,0,0.00,0.00,0
2026-04-20,orto-fit.ru от 31.03.26,1 месяц после операции коленного сустава можно ли мыться в душе разбинтоыанной коленой,2,0,0.00,0.00,0
2026-04-20,orto-fit.ru от 31.03.26,destiknee knee system эндопротезы коленного сустава производитель,1,0,0.00,0.00,0
2026-04-20,orto-fit.ru от 31.03.26,fizzio программа восстановления после замены коленного сустава,1,0,0.00,0.00,0
2026-04-20,orto-fit.ru от 31.03.26,oriental re sun коленный протез купить,1,0,0.00,0.00,0
2026-04-20,orto-fit.ru от 31.03.26,trauson эндопротез коленного сустава из какого материала,1,0,0.00,0.00,0
2026-04-20,orto-fit.ru от 31.03.26,абляция коленного сустава после эндопротезирования,1,0,0.00,0.00,0
2026-04-20,orto-fit.ru от 31.03.26,абляция коленного сустава после эндопротезирования отзывы пациентов,2,0,0.00,0.00,0
2026-04-20,orto-fit.ru от 31.03.26,артроскопическая менискэктомия коленного сустава,2,0,0.00,0.00,0
2026-04-20,orto-fit.ru от 31.03.26,артроскопическая менискэктомия коленного сустава ковров,6,0,0.00,0.00,0
2026-04-20,orto-fit.ru от 31.03.26,артроскопический шов менисков коленного сустава лучше на это не соглашаться,1,0,0.00,0.00,0
2026-04-20,orto-fit.ru от 31.03.26,артроскопия коленного сустава восстановление после операции,2,0,0.00,0.00,0
2026-04-20,orto-fit.ru от 31.03.26,артроскопия коленного сустава при разрыве пкс в тюмени,1,0,0.00,0.00,0
2026-04-20,orto-fit.ru от 31.03.26,артроскопия коленного сустава при разрыве удерживателя надколенника,2,0,0.00,0.00,0
2026-04-20,orto-fit.ru от 31.03.26,артроскопия коленного сустава что это такое при разрыве мениска,1,0,0.00,0.00,0
2026-04-20,orto-fit.ru от 31.03.26,артроскопия мениска видео,1,0,0.00,0.00,0
2026-04-20,orto-fit.ru от 31.03.26,биоимпланты для коленного сустава в иркутске,1,0,0.00,0.00,0
2026-04-20,orto-fit.ru от 31.03.26,боли после операции на мениске,2,1,50.00,9.04,0
2026-04-20,orto-fit.ru от 31.03.26,болит колено при сгибании мениска,1,0,0.00,0.00,0
2026-04-20,orto-fit.ru от 31.03.26,болит ли колено после операции,1,1,100.00,5.52,0
2026-04-20,orto-fit.ru от 31.03.26,болит ли колено после шва мениска артроскопии,2,0,0.00,0.00,0
2026-04-20,orto-fit.ru от 31.03.26,боль и отечность на колене после эндопротезирования коленного сустава 6 месяцев после операции,1,0,0.00,0.00,0
2026-04-20,orto-fit.ru от 31.03.26,больничный при травме мениска,2,0,0.00,0.00,0
2026-04-20,orto-fit.ru от 31.03.26,бывает ли гонартроз 1 стадии и разрыв мениска 3 степени на левом аоьене,1,0,0.00,0.00,0
2026-04-20,orto-fit.ru от 31.03.26,было протезирование коленного сустава на какие сутки может быть отторжение,3,0,0.00,0.00,0
2026-04-20,orto-fit.ru от 31.03.26,вертикальный разрыв заднего рога медиального мениска как лечить,1,0,0.00,0.00,0
2026-04-20,orto-fit.ru от 31.03.26,видео упражнений после операции по замене коленного сустава 4.5 неделя после операции,1,0,0.00,0.00,0
2026-04-20,orto-fit.ru от 31.03.26,возможно ли сшить мениск спустя год после разрыва,1,0,0.00,0.00,0
2026-04-20,orto-fit.ru от 31.03.26,воспаление после протезирования коленного сустава нужна ли ампутация,1,0,0.00,0.00,0
2026-04-20,orto-fit.ru от 31.03.26,восстанавливающие препараты для поддержания мениска и крестообразных связок,1,0,0.00,0.00,0
2026-04-20,orto-fit.ru от 31.03.26,восстановительное лечение после реконструкции передней крестообразной связки коленного сустава руководство для пациента,1,0,0.00,0.00,0
2026-04-20,orto-fit.ru от 31.03.26,восстановление колена после артроскопии,1,0,0.00,0.00,0
2026-04-20,orto-fit.ru от 31.03.26,всегда ли оперируют 3 а повреждение мениска,2,1,50.00,26.00,0
2026-04-20,orto-fit.ru от 31.03.26,вылетает колено после мениска,1,0,0.00,0.00,0
2026-04-20,orto-fit.ru от 31.03.26,где в иркутской области можно сделать операцию коленного сустава по квоте,1,0,0.00,0.00,0
2026-04-20,orto-fit.ru от 31.03.26,гиалуроновая кислота после удаления мениска коленного сустава,1,0,0.00,0.00,0
2026-04-20,orto-fit.ru от 31.03.26,гидравлическое колено в на протезе ноги,1,0,0.00,0.00,0
2026-04-20,orto-fit.ru от 31.03.26,гимнастика после смены коленного сустава,1,0,0.00,0.00,0
2026-04-20,orto-fit.ru от 31.03.26,гимнастика после эндопротезирования колена,2,0,0.00,0.00,0
2026-04-20,orto-fit.ru от 31.03.26,дают ли группу при замене коленного сустава,1,0,0.00,0.00,0
2026-04-20,orto-fit.ru от 31.03.26,дегенеративное повреждение заднего рога медиального мениска 2 степени,1,0,0.00,0.00,0
2026-04-20,orto-fit.ru от 31.03.26,дегенеративные изменения внутреннего мениска коленного сустава 2 степени по stoller,1,0,0.00,0.00,0
2026-04-20,orto-fit.ru от 31.03.26,диагноз стоит разрыв пкс и менисков с блокировкой движений,2,1,50.00,59.65,0
2026-04-20,orto-fit.ru от 31.03.26,дипромета ввести 1 раз можно ли после разрыва мениска,1,0,0.00,0.00,0
2026-04-20,orto-fit.ru от 31.03.26,для восстановления мениска какие препараты лучше пить,1,0,0.00,0.00,0
2026-04-20,orto-fit.ru от 31.03.26,для восстановления мениска сибирское здоровье,1,0,0.00,0.00,0
2026-04-20,orto-fit.ru от 31.03.26,до протезирования коленного сустава пила индапамид можно ли начать пить его снова,1,0,0.00,0.00,0
2026-04-20,orto-fit.ru от 31.03.26,если вкладыш не очень большой в протезе колена поставили плохо или хорошо это,1,0,0.00,0.00,0
2026-04-20,orto-fit.ru от 31.03.26,если есть гной в пункции после замены коленного сустава,1,0,0.00,0.00,0
2026-04-20,orto-fit.ru от 31.03.26,если мениск поврежден самостоятельно,1,0,0.00,0.00,0
2026-04-20,orto-fit.ru от 31.03.26,если ротация на колене после операции мениска,1,0,0.00,0.00,0
2026-04-20,orto-fit.ru от 31.03.26,жжение в колене после операции повреждения мениска,1,0,0.00,0.00,0
2026-04-20,orto-fit.ru от 31.03.26,задача реабилитации после эндопротезирования коленного сустава,1,0,0.00,0.00,0
2026-04-20,orto-fit.ru от 31.03.26,задний рог медиального мениска,1,0,0.00,0.00,0
2026-04-20,orto-fit.ru от 31.03.26,задний рог медиального мениска повреждение,3,0,0.00,0.00,0
2026-04-20,orto-fit.ru от 31.03.26,задний рог медиального мениска повреждение 3 степени по stoller,1,0,0.00,0.00,0
2026-04-20,orto-fit.ru от 31.03.26,замена коленного сустава в благовещенске в медлайне по квоте,2,0,0.00,0.00,0
2026-04-20,orto-fit.ru от 31.03.26,замена коленного сустава восстановление после операции,1,1,100.00,8.28,0
2026-04-20,orto-fit.ru от 31.03.26,замена коленного сустава как проходит операция и реабилитация,1,0,0.00,0.00,0
2026-04-20,orto-fit.ru от 31.03.26,замена коленного сустава квота,1,0,0.00,0.00,0
2026-04-20,orto-fit.ru от 31.03.26,замена коленного сустава отзывы пациентов форум,2,0,0.00,0.00,0
2026-04-20,orto-fit.ru от 31.03.26,замена коленного сустава отзывы пациентов форум после операции,1,0,0.00,0.00,0
2026-04-20,orto-fit.ru от 31.03.26,замена коленного сустава при артрозе после операции как вести себя дальше,2,2,100.00,6.33,0
2026-04-20,orto-fit.ru от 31.03.26,замена коленного сустава рекапитализация,1,0,0.00,0.00,0
2026-04-20,orto-fit.ru от 31.03.26,зачем назначают полости рта при операции на мениск,1,0,0.00,0.00,0
2026-04-20,orto-fit.ru от 31.03.26,зиммер протезы для коленных минимальная кг у пациента должно быть,2,0,0.00,0.00,0
2026-04-20,orto-fit.ru от 31.03.26,из чего делают эндопротез коленного сустава,1,0,0.00,0.00,0
2026-04-20,orto-fit.ru от 31.03.26,изменение заднего рога медиального мениска 3v стадия,1,0,0.00,0.00,0
2026-04-20,orto-fit.ru от 31.03.26,иммобилизация после операции на мениск,1,0,0.00,0.00,0
2026-04-20,orto-fit.ru от 31.03.26,имплант на коленный сустав,1,0,0.00,0.00,0
2026-04-20,orto-fit.ru от 31.03.26,как берется квота на замену коленного сустава,1,1,100.00,2.44,0
2026-04-20,orto-fit.ru от 31.03.26,как быстрее восстановиться после операции на коленном суставе эффективные методы,1,0,0.00,0.00,0
2026-04-20,orto-fit.ru от 31.03.26,как вести себя после замены коленного,1,0,0.00,0.00,0
2026-04-20,orto-fit.ru от 31.03.26,как выглядит коленный сустав протез,1,0,0.00,0.00,0
2026-04-20,orto-fit.ru от 31.03.26,как вылечить колено после бега если болит латеральный мениск гель диклофенак компресс с медицинской желчью,1,0,0.00,0.00,0
2026-04-20,orto-fit.ru от 31.03.26,как делается протезирование коленного сустава,1,0,0.00,0.00,0
2026-04-20,orto-fit.ru от 31.03.26,как делать занятия дома после резекции мениска,1,0,0.00,0.00,0
2026-04-20,orto-fit.ru от 31.03.26,как делают операцию на мениск коленного сустава видео,1,0,0.00,0.00,0
2026-04-20,orto-fit.ru от 31.03.26,как делают операцию прокол на коленный сустав,1,0,0.00,0.00,0
2026-04-20,orto-fit.ru от 31.03.26,как долго длится реабилитация после операции на надколеннике,1,1,100.00,10.27,0
2026-04-20,orto-fit.ru от 31.03.26,как долго после замены коленного сустава будет опухоль,1,0,0.00,0.00,0
2026-04-20,orto-fit.ru от 31.03.26,как долго сохраняется боль при операции на колене,1,0,0.00,0.00,0
2026-04-20,orto-fit.ru от 31.03.26,как и чем вылечить мениск коленного сустава,1,0,0.00,0.00,0
2026-04-20,orto-fit.ru от 31.03.26,как качать после операции на разрыв мениска мышцу квардац,1,0,0.00,0.00,0
2026-04-20,orto-fit.ru от 31.03.26,как лечат если лопнул нижний мениск на ноге,1,0,0.00,0.00,0
2026-04-20,orto-fit.ru от 31.03.26,как лечить разрыв мениска застарелый,1,0,0.00,0.00,0
2026-04-20,orto-fit.ru от 31.03.26,как лечить разрыв мениска коленного сустава,1,0,0.00,0.00,0
2026-04-20,orto-fit.ru от 31.03.26,как лучше вылечить мениск,1,0,0.00,0.00,0
2026-04-20,orto-fit.ru от 31.03.26,как меняют коленный сустав на искусственный при артрозе коленного сустава фото,1,1,100.00,5.15,0
2026-04-20,orto-fit.ru от 31.03.26,как можно лежать после эндопротезирования коленного сустава в домашних условиях,1,1,100.00,2.91,0
2026-04-20,orto-fit.ru от 31.03.26,как называется операция по замене коленного сустава,1,0,0.00,0.00,0
2026-04-20,orto-fit.ru от 31.03.26,как оформит группу после операции на колено замена связок и артроз,1,0,0.00,0.00,0
2026-04-20,orto-fit.ru от 31.03.26,как побрить ногу для тотального эндопротезирования коленного сустава,1,0,0.00,0.00,0
2026-04-20,orto-fit.ru от 31.03.26,как получить квоту на операцию по замене коленного сустава в твери,1,0,0.00,0.00,0
2026-04-20,orto-fit.ru от 31.03.26,как понять что нога болтается после протезирования колена,1,0,0.00,0.00,0
2026-04-20,orto-fit.ru от 31.03.26,как проводят операцию кисты бейкера и менисков,1,0,0.00,0.00,0
2026-04-20,orto-fit.ru от 31.03.26,как проводят операцию разрыва мениски,2,0,0.00,0.00,0
2026-04-20,orto-fit.ru от 31.03.26,как проходит замена коленного сустава и реабилитация после операции,3,0,0.00,0.00,0
2026-04-20,orto-fit.ru от 31.03.26,как проходит операция по сшиванию мениска и сколько длится реабилитация,2,0,0.00,0.00,0
2026-04-20,orto-fit.ru от 31.03.26,как разрабатывать коленный сустав после удаления мениска,1,0,0.00,0.00,0
2026-04-20,orto-fit.ru от 31.03.26,как разработать колено после операции эндопротезирования коленного сустава в домашних условиях,2,0,0.00,0.00,0
2026-04-20,orto-fit.ru от 31.03.26,как самой после эндопротезирования тбс бинтовать ноги,2,0,0.00,0.00,0
2026-04-20,orto-fit.ru от 31.03.26,как сидеть после эндопротезирования коленного сустава правильно,9,1,11.11,6.59,0
2026-04-20,orto-fit.ru от 31.03.26,какая должна быть реабилитация после смены коленного сустава,1,1,100.00,6.82,0
2026-04-20,orto-fit.ru от 31.03.26,какие антибиотики принимать при эндопротезировании коленного сустава,1,1,100.00,7.24,0
2026-04-20,orto-fit.ru от 31.03.26,какие документы и обследования предоставляются в южино для реабилитации после эндороьезирования коленных суставов,1,0,0.00,0.00,0
2026-04-20,orto-fit.ru от 31.03.26,какие инъекции применяют при лечении неполного разрыва мениска коленного сустава,1,0,0.00,0.00,0
2026-04-20,orto-fit.ru от 31.03.26,какие костыли лучше после замены коленного сустава,1,0,0.00,0.00,0
2026-04-20,orto-fit.ru от 31.03.26,какие мази можно использовать при разрыве мениска,1,1,100.00,8.98,0
2026-04-20,orto-fit.ru от 31.03.26,какие надо упражнения выполнять после операции замена коленного сустава,2,0,0.00,0.00,0
2026-04-20,orto-fit.ru от 31.03.26,какие ограничения при повреждении мениска после операции,1,0,0.00,0.00,0
2026-04-20,orto-fit.ru от 31.03.26,какие противопоказания для замены коленного сустава,2,0,0.00,0.00,0
2026-04-20,orto-fit.ru от 31.03.26,какие упражнения надо делать после замены коленного сустава,1,0,0.00,0.00,0
2026-04-20,orto-fit.ru от 31.03.26,какие упражнения надо делать после операции на связку коленного сустава,2,2,100.00,24.48,0
2026-04-20,orto-fit.ru от 31.03.26,какикие прттивосполитпдьнве назначают при разрыв мениска,1,0,0.00,0.00,0
2026-04-20,orto-fit.ru от 31.03.26,какой обезбол пить при мениске,1,0,0.00,0.00,0
2026-04-20,orto-fit.ru от 31.03.26,кедровое масло при болезнях колен и разрыв мениска,1,0,0.00,0.00,0
2026-04-20,orto-fit.ru от 31.03.26,когда делается открытая операция на колено mpfl,1,1,100.00,14.52,0
2026-04-20,orto-fit.ru от 31.03.26,когда можно кататься на велосипеде после операции мениска,1,1,100.00,9.03,0
2026-04-20,orto-fit.ru от 31.03.26,когда можно начинать ходить без костылей после эндопротезирования коленного сустава,1,0,0.00,0.00,0
2026-04-20,orto-fit.ru от 31.03.26,когда можно после артроскопии коленного сустава связки идти в баню,1,0,0.00,0.00,0
2026-04-20,orto-fit.ru от 31.03.26,когда можно спать на боку после эндопротезирования коленного сустава после операции,1,0,0.00,0.00,0
2026-04-20,orto-fit.ru от 31.03.26,когда можно ходить после операции на колено,1,0,0.00,0.00,0
2026-04-20,orto-fit.ru от 31.03.26,когда спадет отек на ноге после эндопротезирования коленного сустава,1,0,0.00,0.00,0
2026-04-20,orto-fit.ru от 31.03.26,когда убирают части мениска при артроскопии коленного сустава внутри пошаговая инструкция,1,0,0.00,0.00,0
2026-04-20,orto-fit.ru от 31.03.26,когда уже поздно заниматься разгибанием ноги после операции на коленном суставе,1,0,0.00,0.00,0
2026-04-20,orto-fit.ru от 31.03.26,комплекс лфк при разрыве мениска,9,0,0.00,0.00,0
2026-04-20,orto-fit.ru от 31.03.26,комплекс упражнений в домашних условиях после операции по замене коленного сустава и сроки их выполнения,1,0,0.00,0.00,0
2026-04-20,orto-fit.ru от 31.03.26,комплекс упражнений после эндопротезирования коленного сустава в домашних условиях 6 7 недели после операции,1,0,0.00,0.00,0
2026-04-20,orto-fit.ru от 31.03.26,контрактура разгибания коленного сустава после 5 месяцев после операции,1,0,0.00,0.00,0
2026-04-20,orto-fit.ru от 31.03.26,краевая резекция заднего рога внутреннего мениска,1,0,0.00,0.00,0
2026-04-20,orto-fit.ru от 31.03.26,кто делал операцию эндопротезирование коленного сустава в нмиц лрц минздрава россии на иваньковском шоссе отзывы пациентов,1,0,0.00,0.00,0
2026-04-20,orto-fit.ru от 31.03.26,кто сейчас в железноводске делает операцию по эндопротезированию коленного сустава фамилии врачей,1,0,0.00,0.00,0
2026-04-20,orto-fit.ru от 31.03.26,куда ставят наркоз при операции на колене,1,0,0.00,0.00,0
2026-04-20,orto-fit.ru от 31.03.26,купить наколенник после операции в уссурийске приморский в уссурийске,1,0,0.00,0.00,0
2026-04-20,orto-fit.ru от 31.03.26,лечебная физкультура для коленного сустава при разрыве мениска заднего рога,1,0,0.00,0.00,0
2026-04-20,orto-fit.ru от 31.03.26,лечебная физкультура после эндопротезирования коленного сустава,1,0,0.00,0.00,0
2026-04-20,orto-fit.ru от 31.03.26,лечение колена после протезирования отечность когдатпроходит ноги,1,0,0.00,0.00,0
2026-04-20,orto-fit.ru от 31.03.26,лечение мениска коленного сустава,1,0,0.00,0.00,0
2026-04-20,orto-fit.ru от 31.03.26,линейный разрыв заднего рога медиального мениска,1,0,0.00,0.00,0
2026-04-20,orto-fit.ru от 31.03.26,лучшие травматологии по замене коленного сустава,1,0,0.00,0.00,0
2026-04-20,orto-fit.ru от 31.03.26,лфк для колена после разрыва мениска,1,0,0.00,0.00,0
2026-04-20,orto-fit.ru от 31.03.26,лфк для коленного сустава после операции,1,0,0.00,0.00,0
2026-04-20,orto-fit.ru от 31.03.26,лфк коленного сустава после операции,2,0,0.00,0.00,0
2026-04-20,orto-fit.ru от 31.03.26,лфк после артроскопии коленного сустава в домашних условиях видео,1,0,0.00,0.00,0
2026-04-20,orto-fit.ru от 31.03.26,лфк после замены коленного сустава,1,0,0.00,0.00,0
2026-04-20,orto-fit.ru от 31.03.26,лфк после эндопротезирования коленного сустава в домашних условиях после 1 месяца после операции,1,0,0.00,0.00,0
2026-04-20,orto-fit.ru от 31.03.26,лфк после эндопротезирования коленного сустава в домашних условиях после операции 1 месяца,1,0,0.00,0.00,0
2026-04-20,orto-fit.ru от 31.03.26,лфк при мениске коленного сустава повреждении через сколько лфк должно дать результат,1,0,0.00,0.00,0
2026-04-20,orto-fit.ru от 31.03.26,мазь от мениска,1,0,0.00,0.00,0
2026-04-20,orto-fit.ru от 31.03.26,мазь при лечении мениска,1,0,0.00,0.00,0
2026-04-20,orto-fit.ru от 31.03.26,максимально допустимый срок больничного листа операция на коленном суставе,1,0,0.00,0.00,0
2026-04-20,orto-fit.ru от 31.03.26,медика делает ли операции по омс по артроскопическая менискэктомия коленного сустава,1,0,0.00,0.00,0
2026-04-20,orto-fit.ru от 31.03.26,мениск в колене,2,0,0.00,0.00,0
2026-04-20,orto-fit.ru от 31.03.26,мениск коленного сустава,2,0,0.00,0.00,0
2026-04-20,orto-fit.ru от 31.03.26,мениск коленного сустава как лечить отзывы,1,0,0.00,0.00,0
2026-04-20,orto-fit.ru от 31.03.26,мениск коленного сустава симптомы,1,0,0.00,0.00,0
2026-04-20,orto-fit.ru от 31.03.26,мениск почему болит,1,0,0.00,0.00,0
2026-04-20,orto-fit.ru от 31.03.26,мениск с дегенеративными повреждениями надо удалять или нет,2,0,0.00,0.00,0
2026-04-20,orto-fit.ru от 31.03.26,мениска коленного сустава что это такое и как лечить,1,1,100.00,16.78,0
2026-04-20,orto-fit.ru от 31.03.26,менискэктомия коленного сустава что это такое,3,0,0.00,0.00,0
2026-04-20,orto-fit.ru от 31.03.26,можно ли в день операции на мениск уехать домой,1,0,0.00,0.00,0
2026-04-20,orto-fit.ru от 31.03.26,можно ли делать операцию по замене коленного сустава при тромбах,1,0,0.00,0.00,0
2026-04-20,orto-fit.ru от 31.03.26,можно ли делать парафин после операции по замене коленного сустава,1,0,0.00,0.00,0
2026-04-20,orto-fit.ru от 31.03.26,можно ли делать прогревание при разрыве мениска,1,0,0.00,0.00,0
2026-04-20,orto-fit.ru от 31.03.26,можно ли ездить за рулем после операции на колено,1,0,0.00,0.00,0
2026-04-20,orto-fit.ru от 31.03.26,можно ли купаться с неснятыми швами после операции на коленном суставе,1,0,0.00,0.00,0
2026-04-20,orto-fit.ru от 31.03.26,можно ли на больной мениск на колене прикладывать мочу,1,0,0.00,0.00,0
2026-04-20,orto-fit.ru от 31.03.26,можно ли наступать на ногу повреждении мениска когда наложена гипсовая лангета,1,0,0.00,0.00,0
2026-04-20,orto-fit.ru от 31.03.26,можно ли после операции на колене ездить на велосипеде,2,0,0.00,0.00,0
2026-04-20,orto-fit.ru от 31.03.26,можно ли после эндопротезирования коленного сустава ходить на локтевых костылях,1,0,0.00,0.00,0
2026-04-20,orto-fit.ru от 31.03.26,можно ли снимать эластичные бинты на ночь после операции эндопротезирования коленного сустава,1,0,0.00,0.00,0
2026-04-20,orto-fit.ru от 31.03.26,можно ли сустав после операции остеосинтеза шейки бедра мазать гелем с хондроитином,1,0,0.00,0.00,0
2026-04-20,orto-fit.ru от 31.03.26,можно одновременно делать операцию на тазобедренном сустав и мениск на коленях,1,0,0.00,0.00,0
2026-04-20,orto-fit.ru от 31.03.26,на какой максимальный угол может согнуться колено после протезирования китайским протезом,1,0,0.00,0.00,0
2026-04-20,orto-fit.ru от 31.03.26,на сколько дней дают больничный лист после операции на мениск,2,0,0.00,0.00,0
2026-04-20,orto-fit.ru от 31.03.26,на шве после операции по эндопротезированию коленного сустава через 5 лет образовалась незаживающая рана,1,0,0.00,0.00,0
2026-04-20,orto-fit.ru от 31.03.26,надрыв мениска,1,0,0.00,0.00,0
2026-04-20,orto-fit.ru от 31.03.26,надрыв мениска коленного сустава что делать,1,0,0.00,0.00,0
2026-04-20,orto-fit.ru от 31.03.26,наколенник в технических средствах реабилитации,1,0,0.00,0.00,0
2026-04-20,orto-fit.ru от 31.03.26,наколенник после операции на крестообразную связку,1,0,0.00,0.00,0
2026-04-20,orto-fit.ru от 31.03.26,наколенник при разрыве мениска коленного сустава какой нужен,1,1,100.00,7.43,0
2026-04-20,orto-fit.ru от 31.03.26,наколенники для коленного сустава при артрозе 3 степени спортдатс,3,0,0.00,0.00,0
2026-04-20,orto-fit.ru от 31.03.26,нарушение мениска коленного сустава симптомы,2,0,0.00,0.00,0
2026-04-20,orto-fit.ru от 31.03.26,насколько сложная операция при разрыве мениска,2,0,0.00,0.00,0
2026-04-20,orto-fit.ru от 31.03.26,нога после операции коленного сустава можно делать укол в бедро,2,1,50.00,7.62,0
2026-04-20,orto-fit.ru от 31.03.26,нога стоит только на пятке после замены коленного сустава нужна новая операция,1,0,0.00,0.00,0
2026-04-20,orto-fit.ru от 31.03.26,нога стоит только на пятке после замены коленного сустава нужна новая операция прошло 5 месяцев и про шла все реабилитации,1,0,0.00,0.00,0
2026-04-20,orto-fit.ru от 31.03.26,обезболивающее при травме мениска,1,0,0.00,0.00,0
2026-04-20,orto-fit.ru от 31.03.26,операции на коленном суставе в тюмени,1,1,100.00,12.05,0
2026-04-20,orto-fit.ru от 31.03.26,операции на коленном суставе какие бывают,2,0,0.00,0.00,0
2026-04-20,orto-fit.ru от 31.03.26,операция мениска коленного сустава в воронеже цена,1,0,0.00,0.00,0
2026-04-20,orto-fit.ru от 31.03.26,операция на колене деичм омск,1,0,0.00,0.00,0
2026-04-20,orto-fit.ru от 31.03.26,операция на колене цена,1,0,0.00,0.00,0
2026-04-20,orto-fit.ru от 31.03.26,операция на коленный сустав в барнауле отзывы и как проходит реабилитация сколько дней,1,0,0.00,0.00,0
2026-04-20,orto-fit.ru от 31.03.26,операция на колено как называется,1,0,0.00,0.00,0
2026-04-20,orto-fit.ru от 31.03.26,операция на мениск коленного сустава как делается,2,0,0.00,0.00,0
2026-04-20,orto-fit.ru от 31.03.26,операция на мениске коленного сустава в жд больнице ульяновск,1,0,0.00,0.00,0
2026-04-20,orto-fit.ru от 31.03.26,операция на мениски оренбург,1,0,0.00,0.00,0
2026-04-20,orto-fit.ru от 31.03.26,операция по замене коленного сустава видео операции смотреть,2,0,0.00,0.00,0
2026-04-20,orto-fit.ru от 31.03.26,операция по надрыву связок колена восстановление,1,0,0.00,0.00,0
2026-04-20,orto-fit.ru от 31.03.26,операция с вложением бинта в колено,2,0,0.00,0.00,0
2026-04-20,orto-fit.ru от 31.03.26,опыт людей сделавших эндопротезирование коленного сустава,1,1,100.00,8.86,0
2026-04-20,orto-fit.ru от 31.03.26,ортез коленный регулируемый жесткий m 4s укороченый,2,0,0.00,0.00,0
2026-04-20,orto-fit.ru от 31.03.26,ортез на колено при разрыве мениска,1,0,0.00,0.00,0
2026-04-20,orto-fit.ru от 31.03.26,от чего бывает жидкость в колене после операции на мениск,1,0,0.00,0.00,0
2026-04-20,orto-fit.ru от 31.03.26,отек ноги после эндопротезирования коленного сустава на 4 неделе причины,1,0,0.00,0.00,0
2026-04-20,orto-fit.ru от 31.03.26,отзывы о остеотомии коленного сустава,1,0,0.00,0.00,0
2026-04-20,orto-fit.ru от 31.03.26,отрыв мениска коленного сустава,1,0,0.00,0.00,0
2026-04-20,orto-fit.ru от 31.03.26,отслоение мениска на коленном суставе,1,0,0.00,0.00,0
2026-04-20,orto-fit.ru от 31.03.26,палитра владимир мениск артроскопия,2,0,0.00,0.00,0
2026-04-20,orto-fit.ru от 31.03.26,палитра делает ли операции по омс по артроскопическая менискэктомия коленного сустава,2,0,0.00,0.00,0
2026-04-20,orto-fit.ru от 31.03.26,педали для разработки коленного сустава после эндопротезирования,1,0,0.00,0.00,0
2026-04-20,orto-fit.ru от 31.03.26,период восстановления после артроскопии колена,1,0,0.00,0.00,0
2026-04-20,orto-fit.ru от 31.03.26,пластика пкс и шов мениска 6 неделя уровень угла сгибания норма,1,0,0.00,0.00,0
2026-04-20,orto-fit.ru от 31.03.26,пластика пкс и шов мениска 6 недеоя уровень угла сгитанмя норма,1,0,0.00,0.00,0
2026-04-20,orto-fit.ru от 31.03.26,пластика связки надколенника после операции какой режим работы показан суьки или по 8 часов,2,0,0.00,0.00,0
2026-04-20,orto-fit.ru от 31.03.26,пластика связки надколенника последствия после операции,3,0,0.00,0.00,0
2026-04-20,orto-fit.ru от 31.03.26,повлияет ли мочевая кислота при протезировании коленного сустава,1,0,0.00,0.00,0
2026-04-20,orto-fit.ru от 31.03.26,повреждение внутреннего мениска 3а,1,0,0.00,0.00,0
2026-04-20,orto-fit.ru от 31.03.26,повреждение заднего рога медиального мениска 2 степени,1,0,0.00,0.00,0
2026-04-20,orto-fit.ru от 31.03.26,повреждение заднего рога мениска по stoller 3,2,0,0.00,0.00,0
2026-04-20,orto-fit.ru от 31.03.26,повреждение медиального мениска и правого коленного какие упражнения делать на сухой воде,1,0,0.00,0.00,0
2026-04-20,orto-fit.ru от 31.03.26,повреждение медиального мениска и правого коленного может быть при плавании,1,0,0.00,0.00,0
2026-04-20,orto-fit.ru от 31.03.26,повреждение мениска,3,0,0.00,0.00,0
2026-04-20,orto-fit.ru от 31.03.26,повреждение мениска 2 класса,1,0,0.00,0.00,0
2026-04-20,orto-fit.ru от 31.03.26,повреждение мениска 2 степени по stoller,1,0,0.00,0.00,0
2026-04-20,orto-fit.ru от 31.03.26,повреждение мениска в,1,0,0.00,0.00,0
2026-04-20,orto-fit.ru от 31.03.26,повреждение мениска коленного сустава,1,0,0.00,0.00,0
2026-04-20,orto-fit.ru от 31.03.26,повреждение мениска коленного сустава как лечить,2,0,0.00,0.00,0
2026-04-20,orto-fit.ru от 31.03.26,повреждение мениска чем прижигают кусок мениска,1,0,0.00,0.00,0
2026-04-20,orto-fit.ru от 31.03.26,повреждения заднего рога медиального мениска 2 степени по stoller,2,0,0.00,0.00,0
2026-04-20,orto-fit.ru от 31.03.26,повреждения заднего рога мениска коленного сустава,2,0,0.00,0.00,0
2026-04-20,orto-fit.ru от 31.03.26,повторный разрыв мениска после операции,1,0,0.00,0.00,0
2026-04-20,orto-fit.ru от 31.03.26,подготовка операционного поля для замены коленного сустава,2,0,0.00,0.00,0
2026-04-20,orto-fit.ru от 31.03.26,поддержка и лечение коленного сустава после эндопротезирования какие лекарства можно применять,1,0,0.00,0.00,0
2026-04-20,orto-fit.ru от 31.03.26,помое операцит на мениске как проходит восстановление потвремени,1,0,0.00,0.00,0
2026-04-20,orto-fit.ru от 31.03.26,порванный мениск,1,0,0.00,0.00,0
2026-04-20,orto-fit.ru от 31.03.26,порыв мениска коленного сустава лечение,2,0,0.00,0.00,0
2026-04-20,orto-fit.ru от 31.03.26,после артроскопии коленного сустава когда можно ходить без костылей,1,0,0.00,0.00,0
2026-04-20,orto-fit.ru от 31.03.26,после замены коленного сустава дают ли инвалидность,1,0,0.00,0.00,0
2026-04-20,orto-fit.ru от 31.03.26,после замены коленного сустава какие таблетки пить,1,1,100.00,8.95,0
2026-04-20,orto-fit.ru от 31.03.26,после замены коленного сустава когда можно ходить без костылей,1,0,0.00,0.00,0
2026-04-20,orto-fit.ru от 31.03.26,после замены коленного сустава когда можно ходить покраснение,1,0,0.00,0.00,0
2026-04-20,orto-fit.ru от 31.03.26,после замены коленного сустава прошло 5 месяцев очень сильно тянет мышцы что значит,1,1,100.00,9.09,0
2026-04-20,orto-fit.ru от 31.03.26,после замены коленного сустава прошло 5 месяцев проходила реабилитацию а нога стоит не правильно на пятке это что ответ врача,1,0,0.00,0.00,0
2026-04-20,orto-fit.ru от 31.03.26,после замены коленного сустава сколько носить эластичные бинты,1,0,0.00,0.00,0
2026-04-20,orto-fit.ru от 31.03.26,после операции на коленный сустав постоянно низкая температура,1,0,0.00,0.00,0
2026-04-20,orto-fit.ru от 31.03.26,после операции на колено мениск переводят на легкий труд,2,0,0.00,0.00,0
2026-04-20,orto-fit.ru от 31.03.26,после операции на колено сустав через сколько дней может подниматься нога,1,1,100.00,2.11,0
2026-04-20,orto-fit.ru от 31.03.26,после операции на мениск когда можно ходить,1,0,0.00,0.00,0
2026-04-20,orto-fit.ru от 31.03.26,после операции на мениск можно наступать на ногу,2,0,0.00,0.00,0
2026-04-20,orto-fit.ru от 31.03.26,после операции на мениск через сколько можно ходить,2,0,0.00,0.00,0
2026-04-20,orto-fit.ru от 31.03.26,после операции на мениск через сколько можно ходить без костылей,2,1,50.00,1.18,0
2026-04-20,orto-fit.ru от 31.03.26,после операции на мениске когда можно садиться за руль,2,0,0.00,0.00,0
2026-04-20,orto-fit.ru от 31.03.26,после операции на мениске колена сколько буду нетрудоспособна,2,0,0.00,0.00,0
2026-04-20,orto-fit.ru от 31.03.26,после операции по замене коленного сустава зачем назначают тиоктовую кислоту,1,0,0.00,0.00,0
2026-04-20,orto-fit.ru от 31.03.26,после операции по замене коленного сустава когда можно наступать на ногу и ходить без костылей,4,0,0.00,0.00,0
2026-04-20,orto-fit.ru от 31.03.26,после операции по удалению кисты бейкера под коленом набирается жидкость у меня гонартроз можно колоть по курсу румалон или нет,1,0,0.00,0.00,0
2026-04-20,orto-fit.ru от 31.03.26,после операции связок на коленном суставе отек долго держится,1,0,0.00,0.00,0
2026-04-20,orto-fit.ru от 31.03.26,после пластики пкс колено не разгибается до конца,1,0,0.00,0.00,0
2026-04-20,orto-fit.ru от 31.03.26,после протезирования коленного сустава когда боль уйдет,1,0,0.00,0.00,0
2026-04-20,orto-fit.ru от 31.03.26,после удаления мениска при гонартрозе 3 4 ст после операции сколько болит колено отзывы,1,1,100.00,21.75,0
2026-04-20,orto-fit.ru от 31.03.26,после удаления мениска сводит мышцу,2,1,50.00,4.28,0
2026-04-20,orto-fit.ru от 31.03.26,после эндопротезирования коленного сустава опухла стопа,1,0,0.00,0.00,0
2026-04-20,orto-fit.ru от 31.03.26,после эндопротезирования коленного сустава появилась шишка и болит от чего,1,0,0.00,0.00,0
2026-04-20,orto-fit.ru от 31.03.26,после эндопротезирования коленного сустава сколько болит колено отзывы пациентов,1,0,0.00,0.00,0
2026-04-20,orto-fit.ru от 31.03.26,после эндопротезирования коленного сустава сколько болит колено после операции,1,1,100.00,13.22,0
2026-04-20,orto-fit.ru от 31.03.26,после эндопротезирования коленного сустава сколько болит колено после операции и через сколько месяцев ходят без хромоты,1,0,0.00,0.00,0
2026-04-20,orto-fit.ru от 31.03.26,почему в коленом суставе после эндопротезирования щелкает при ходьбе как и до операции,1,0,0.00,0.00,0
2026-04-20,orto-fit.ru от 31.03.26,почему после операции колено горячее и болит,1,1,100.00,4.73,0
2026-04-20,orto-fit.ru от 31.03.26,почему после эндопротезирования коленного сустава при разгибании ощущается боль,1,0,0.00,0.00,0
2026-04-20,orto-fit.ru от 31.03.26,правильная ходьба с ходунками после операции на коленном суставе,1,0,0.00,0.00,0
2026-04-20,orto-fit.ru от 31.03.26,при артрозе второй третьей степени турмалиновый наколенник можно одевать или нет,2,0,0.00,0.00,0
2026-04-20,orto-fit.ru от 31.03.26,при замене коленного сустава какие принимают антибиотики,1,0,0.00,0.00,0
2026-04-20,orto-fit.ru от 31.03.26,при замене коленного сустава какую группу инвалидности дают,1,0,0.00,0.00,0
2026-04-20,orto-fit.ru от 31.03.26,при замене коленного сустава нужно ли спать только на спине,1,1,100.00,27.82,0
2026-04-20,orto-fit.ru от 31.03.26,при замене коленного сустава парацетамол какую играет роль и сколько действует таблетка,1,0,0.00,0.00,0
2026-04-20,orto-fit.ru от 31.03.26,при каких обстоятельствах делают операцию по замене коленного сустава,1,0,0.00,0.00,0
2026-04-20,orto-fit.ru от 31.03.26,при какой степени артроз коленного сустава делают операцию по замене,1,0,0.00,0.00,0
2026-04-20,orto-fit.ru от 31.03.26,при какой степени разрыва мениска делают операцию,3,0,0.00,0.00,0
2026-04-20,orto-fit.ru от 31.03.26,при повреждении медиального мениска какие упражнения,1,0,0.00,0.00,0
2026-04-20,orto-fit.ru от 31.03.26,при повреждении мениска что эффективнее дона или румалон,1,0,0.00,0.00,0
2026-04-20,orto-fit.ru от 31.03.26,при удалении заднего рога мениска что происходит с суставами,1,0,0.00,0.00,0
2026-04-20,orto-fit.ru от 31.03.26,прокат накладки после операции на тбс,1,0,0.00,0.00,0
2026-04-20,orto-fit.ru от 31.03.26,протез коленного сустава s n anthem чье производство,1,0,0.00,0.00,0
2026-04-20,orto-fit.ru от 31.03.26,протезирование коленного сустава платно во владивостоке,1,0,0.00,0.00,0
2026-04-20,orto-fit.ru от 31.03.26,пунктирование коленного сустава после артроскопии,1,0,0.00,0.00,0
2026-04-20,orto-fit.ru от 31.03.26,разрыв заднего рога внутреннего мениска 3а степени по stoller,3,0,0.00,0.00,0
2026-04-20,orto-fit.ru от 31.03.26,разрыв заднего рога медиального мениска застарелый надо делать операцию,1,0,0.00,0.00,0
2026-04-20,orto-fit.ru от 31.03.26,разрыв заднего рога медиального мениска коленного сустава,2,0,0.00,0.00,0
2026-04-20,orto-fit.ru от 31.03.26,разрыв заднего рога медиального мениска коленного сустава как лечат,1,0,0.00,0.00,0
2026-04-20,orto-fit.ru от 31.03.26,разрыв заднего рога медиального мениска коленного сустава что это и как лечить,1,0,0.00,0.00,0
2026-04-20,orto-fit.ru от 31.03.26,разрыв заднего рога медиального мениска с формированием параменисковых кист,2,0,0.00,0.00,0
2026-04-20,orto-fit.ru от 31.03.26,разрыв заднего рога медиального мениска срастается сам,1,0,0.00,0.00,0
2026-04-20,orto-fit.ru от 31.03.26,разрыв медиального мениска,1,0,0.00,0.00,0
2026-04-20,orto-fit.ru от 31.03.26,разрыв мениска,3,1,33.33,7.47,0
2026-04-20,orto-fit.ru от 31.03.26,разрыв мениска как лечить,1,0,0.00,0.00,0
2026-04-20,orto-fit.ru от 31.03.26,разрыв мениска коленного как лечить,2,0,0.00,0.00,0
2026-04-20,orto-fit.ru от 31.03.26,разрыв мениска коленного сустава,1,0,0.00,0.00,0
2026-04-20,orto-fit.ru от 31.03.26,разрыв мениска коленного сустава и менопауза,2,0,0.00,0.00,0
2026-04-20,orto-fit.ru от 31.03.26,разрыв мениска коленного сустава какие анализы нужно сдать перед операцией,3,0,0.00,0.00,0
2026-04-20,orto-fit.ru от 31.03.26,разрыв мениска коленного сустава симптомы и лечение,1,1,100.00,19.71,0
2026-04-20,orto-fit.ru от 31.03.26,разрыв мениска коленного сустава симптомы и лечение без операции причины,1,0,0.00,0.00,0
2026-04-20,orto-fit.ru от 31.03.26,разрыв мениска медиального коленного сустава,2,0,0.00,0.00,0
2026-04-20,orto-fit.ru от 31.03.26,разрыв мениска ручки лейки,1,0,0.00,0.00,0
2026-04-20,orto-fit.ru от 31.03.26,разрыв мениска ручки лейки что это такое,1,0,0.00,0.00,0
2026-04-20,orto-fit.ru от 31.03.26,разрыв мениска симптомы от чего лечение,1,0,0.00,0.00,0
2026-04-20,orto-fit.ru от 31.03.26,разрыв мениска что делать при разрыве,1,0,0.00,0.00,0
2026-04-20,orto-fit.ru от 31.03.26,разрыв рога медиального мениска,1,0,0.00,0.00,0
2026-04-20,orto-fit.ru от 31.03.26,разрыв сухожилия мениска коленного,1,0,0.00,0.00,0
2026-04-20,orto-fit.ru от 31.03.26,расскажите честно пр замену обоих колен в чебоксарах что происходит после операции,1,1,100.00,6.28,0
2026-04-20,orto-fit.ru от 31.03.26,расслоение мениска коленного сустава что делать,1,0,0.00,0.00,0
2026-04-20,orto-fit.ru от 31.03.26,реабилитационные центры в красноярске после операции по замене коленного сустава,1,0,0.00,0.00,0
2026-04-20,orto-fit.ru от 31.03.26,реабилитационный центр севастополь,1,1,100.00,3.08,0
2026-04-20,orto-fit.ru от 31.03.26,реабилитация в архангельске,1,0,0.00,0.00,0
2026-04-20,orto-fit.ru от 31.03.26,реабилитация коленного сустава после операции,1,0,0.00,0.00,0
2026-04-20,orto-fit.ru от 31.03.26,реабилитация ноги после операции на мениск,1,0,0.00,0.00,0
2026-04-20,orto-fit.ru от 31.03.26,реабилитация после артроскопии коленного сустава мениска упражнения,1,0,0.00,0.00,0
2026-04-20,orto-fit.ru от 31.03.26,реабилитация после артроскопии коленного сустава мениска упражнения воронеж,1,1,100.00,7.92,0
2026-04-20,orto-fit.ru от 31.03.26,реабилитация после артроскопии коленного сустава отзывы,1,1,100.00,2.23,0
2026-04-20,orto-fit.ru от 31.03.26,реабилитация после замены коленного сустава,1,0,0.00,0.00,0
2026-04-20,orto-fit.ru от 31.03.26,реабилитация после замены коленного сустава в домашних условиях,1,0,0.00,0.00,0
2026-04-20,orto-fit.ru от 31.03.26,реабилитация после замены коленного сустава в сеченова,1,0,0.00,0.00,0
2026-04-20,orto-fit.ru от 31.03.26,реабилитация после замены коленного сустава руш,1,0,0.00,0.00,0
2026-04-20,orto-fit.ru от 31.03.26,реабилитация после замены сустава коленного,1,0,0.00,0.00,0
2026-04-20,orto-fit.ru от 31.03.26,реабилитация после зачистки мениска коленного сустава,1,0,0.00,0.00,0
2026-04-20,orto-fit.ru от 31.03.26,реабилитация после операции на коленном суставе,1,0,0.00,0.00,0
2026-04-20,orto-fit.ru от 31.03.26,реабилитация после операции на колено,1,0,0.00,0.00,0
2026-04-20,orto-fit.ru от 31.03.26,реабилитация после операции на мениске коленного сустава,1,1,100.00,6.59,0
2026-04-20,orto-fit.ru от 31.03.26,реабилитация после операции на мениске коленного сустава упражнения,1,0,0.00,0.00,0
2026-04-20,orto-fit.ru от 31.03.26,реабилитация после протезирования коленного сустава в липецке,2,0,0.00,0.00,0
2026-04-20,orto-fit.ru от 31.03.26,реабилитация после резекции мениска,2,1,50.00,1.57,0
2026-04-20,orto-fit.ru от 31.03.26,реабилитация после сшивания мениска коленного сустава,1,0,0.00,0.00,0
2026-04-20,orto-fit.ru от 31.03.26,реабилитация после эндопротезирования коленного сустава,2,1,50.00,53.94,0
2026-04-20,orto-fit.ru от 31.03.26,реабилитация после эндопротезирования коленного сустава в батайске цены,2,0,0.00,0.00,0
2026-04-20,orto-fit.ru от 31.03.26,реабилитация после эндопротезирования коленного сустава калининград,2,2,100.00,49.45,0
2026-04-20,orto-fit.ru от 31.03.26,реабилитация смоленск,1,0,0.00,0.00,0
2026-04-20,orto-fit.ru от 31.03.26,редакция мениска удаление свободного тела сустава лавах полного сустава дебридмент хондромоляции,1,0,0.00,0.00,0
2026-04-20,orto-fit.ru от 31.03.26,резекция мениска больничный сколько длится,1,0,0.00,0.00,0
2026-04-20,orto-fit.ru от 31.03.26,резекция мениска коленного сустава реабилитация упражнения,2,1,50.00,4.03,0
2026-04-20,orto-fit.ru от 31.03.26,ркб хирурги колено,1,0,0.00,0.00,0
2026-04-20,orto-fit.ru от 31.03.26,рча коленного сустава,1,0,0.00,0.00,0
2026-04-20,orto-fit.ru от 31.03.26,сделана операция на коленный сустав замена прошло 8 лет сустав стал болеть сделали блокаду а можно делать блокаду на оперированный сустав,1,0,0.00,0.00,0
2026-04-20,orto-fit.ru от 31.03.26,сделана операция по замене коленного сустава 8 лет стал болеть сустав сделали блокаду в сустав можно было делать стало как онемение и как жара в икреи в стопе,1,0,0.00,0.00,0
2026-04-20,orto-fit.ru от 31.03.26,сделать платно операцию в тюмени на мениске,1,0,0.00,0.00,0
2026-04-20,orto-fit.ru от 31.03.26,сколько будет стоить в клинике если поставить коленный сустав заменить сколько он будет стоить,1,0,0.00,0.00,0
2026-04-20,orto-fit.ru от 31.03.26,сколько времени восстанавливается человек после удаления мениска,1,0,0.00,0.00,0
2026-04-20,orto-fit.ru от 31.03.26,сколько времени занимает операция при разрыве мениска,1,0,0.00,0.00,0
2026-04-20,orto-fit.ru от 31.03.26,сколько делается операция на разрыв мениска,2,0,0.00,0.00,0
2026-04-20,orto-fit.ru от 31.03.26,сколько длится операция по замене коленного сустава по времени,1,0,0.00,0.00,0
2026-04-20,orto-fit.ru от 31.03.26,сколько дней дается на восстановление после операции на связках колено,1,0,0.00,0.00,0
2026-04-20,orto-fit.ru от 31.03.26,сколько дней действительный анализ крови перед операцией по замене коленного сустава,1,0,0.00,0.00,0
2026-04-20,orto-fit.ru от 31.03.26,сколько дней лежат после эндопротезирования коленного сустава,1,0,0.00,0.00,0
2026-04-20,orto-fit.ru от 31.03.26,сколько ждать времени операцию по квоте на замену коленного сустава,1,0,0.00,0.00,0
2026-04-20,orto-fit.ru от 31.03.26,сколько лежат в больнице после операции коленного сустава,2,0,0.00,0.00,0
2026-04-20,orto-fit.ru от 31.03.26,сколько лежат в больнице после операции по восстановлению передней связки коленного сустава,1,0,0.00,0.00,0
2026-04-20,orto-fit.ru от 31.03.26,сколько лежать при восстановлении колена после пкс,1,0,0.00,0.00,0
2026-04-20,orto-fit.ru от 31.03.26,сколько надо ходить после этептезиирования колена как часто,1,0,0.00,0.00,0
2026-04-20,orto-fit.ru от 31.03.26,сколько находишься на больничном после артроскопии коленного сустава,1,0,0.00,0.00,0
2026-04-20,orto-fit.ru от 31.03.26,сколько по времени удаляют мениск,1,0,0.00,0.00,0
2026-04-20,orto-fit.ru от 31.03.26,сколько раз можно менять коленный сустав,2,0,0.00,0.00,0
2026-04-20,orto-fit.ru от 31.03.26,сколько реабилитация после операции на мениск,1,0,0.00,0.00,0
2026-04-20,orto-fit.ru от 31.03.26,сколько сейчас стоит операция на колено нижний новгород,1,0,0.00,0.00,0
2026-04-20,orto-fit.ru от 31.03.26,сколько стоит замена коленного сустава,1,1,100.00,7.36,0
2026-04-20,orto-fit.ru от 31.03.26,сколько стоит операция на коленном суставе при разрыве мениска,1,0,0.00,0.00,0
2026-04-20,orto-fit.ru от 31.03.26,сколько стоит операция по артроскопии коленного сустава в илизарова,1,0,0.00,0.00,0
2026-04-20,orto-fit.ru от 31.03.26,сложный разрыв медиального мениска 3 б степени и артроз первой степени что делать и чего ждать дальше,1,0,0.00,0.00,0
2026-04-20,orto-fit.ru от 31.03.26,смещение импланта после эндопротезирования коленного сустава,1,0,0.00,0.00,0
2026-04-20,orto-fit.ru от 31.03.26,смотреть видео как проходит операция по удалению мениска,1,0,0.00,0.00,0
2026-04-20,orto-fit.ru от 31.03.26,со скольки лет можно делать операцию на мениски,1,0,0.00,0.00,0
2026-04-20,orto-fit.ru от 31.03.26,сроки восстановления после операции на мениск коленного,2,0,0.00,0.00,0
2026-04-20,orto-fit.ru от 31.03.26,тонкий мениск как вылечить,1,0,0.00,0.00,0
2026-04-20,orto-fit.ru от 31.03.26,тотальное эндопротезирование коленного сустава,1,0,0.00,0.00,0
2026-04-20,orto-fit.ru от 31.03.26,тренировка при мениске,1,0,0.00,0.00,0
2026-04-20,orto-fit.ru от 31.03.26,три месяца после эндопротезирования коленного сустава боли в колене плохо сгибается температура утром 35.8 в обед 36.2 вечером 36.7 что мне делать был на реабилитации 16 дней в саках,2,1,50.00,4.85,0
2026-04-20,orto-fit.ru от 31.03.26,три недели после эндопротезирования тазобедренного сустава дома боли в колене,1,0,0.00,0.00,0
2026-04-20,orto-fit.ru от 31.03.26,тугая повязка при повреждении мениска надо ли,1,0,0.00,0.00,0
2026-04-20,orto-fit.ru от 31.03.26,тяжести после замены коленного сустава,1,0,0.00,0.00,0
2026-04-20,orto-fit.ru от 31.03.26,удаление мениска коленного сустава в архангельске цена операции,1,0,0.00,0.00,0
2026-04-20,orto-fit.ru от 31.03.26,уколы после операции на колено мениск,1,1,100.00,5.94,0
2026-04-20,orto-fit.ru от 31.03.26,уколы после операции на мениск,1,0,0.00,0.00,0
2026-04-20,orto-fit.ru от 31.03.26,уколы после резекции мениска коленного,1,0,0.00,0.00,0
2026-04-20,orto-fit.ru от 31.03.26,универсальный круг на унитаз при операции коленного сустава,3,0,0.00,0.00,0
2026-04-20,orto-fit.ru от 31.03.26,упражнения для коленного сустава при повреждении мениска,1,0,0.00,0.00,0
2026-04-20,orto-fit.ru от 31.03.26,упражнения для протезированных коленей,1,0,0.00,0.00,0
2026-04-20,orto-fit.ru от 31.03.26,упражнения после артроскопии коленного сустава для восстановления мениска,1,0,0.00,0.00,0
2026-04-20,orto-fit.ru от 31.03.26,упражнения после операции мениска на коленном суставе,1,0,0.00,0.00,0
2026-04-20,orto-fit.ru от 31.03.26,упражнения после разрыва мениска,4,0,0.00,0.00,0
2026-04-20,orto-fit.ru от 31.03.26,упражнения после удаления мениска в коленном суставе,1,1,100.00,13.63,0
2026-04-20,orto-fit.ru от 31.03.26,упражнения после эндопротезирования коленного сустава,1,0,0.00,0.00,0
2026-04-20,orto-fit.ru от 31.03.26,упражнения при операции на колене,1,0,0.00,0.00,0
2026-04-20,orto-fit.ru от 31.03.26,упражнения при разрыве мениска коленного сустава,3,0,0.00,0.00,0
2026-04-20,orto-fit.ru от 31.03.26,упражнения при разрыве мениска коленного сустава видео,1,0,0.00,0.00,0
2026-04-20,orto-fit.ru от 31.03.26,физ нагрузка при мениске коленного,2,0,0.00,0.00,0
2026-04-20,orto-fit.ru от 31.03.26,физиолечение после артроскопии коленного сустава,1,1,100.00,3.47,0
2026-04-20,orto-fit.ru от 31.03.26,физиолечение после артроскопии коленного сустава что лучше,1,0,0.00,0.00,0
2026-04-20,orto-fit.ru от 31.03.26,физиопроцедуры при замене коленного сустава,1,0,0.00,0.00,0
2026-04-20,orto-fit.ru от 31.03.26,физиотерапия коленного сустава после эндопротезирования,1,0,0.00,0.00,0
2026-04-20,orto-fit.ru от 31.03.26,фото замены коленного сустава,1,0,0.00,0.00,0
2026-04-20,orto-fit.ru от 31.03.26,фото операции по замене коленного сустава,1,0,0.00,0.00,0
2026-04-20,orto-fit.ru от 31.03.26,хрустит колено после артроскопии,1,0,0.00,0.00,0
2026-04-20,orto-fit.ru от 31.03.26,цена операция суставного коленного сустава в москве,1,0,0.00,0.00,0
2026-04-20,orto-fit.ru от 31.03.26,центр травматологии и ортопедии москва по омс бесплатно операция на связки коленного сустава крестообразной связки по омс в москве,1,0,0.00,0.00,0
2026-04-20,orto-fit.ru от 31.03.26,частота выкачивания жидкости из коленного сустава после операции на мениск,1,0,0.00,0.00,0
2026-04-20,orto-fit.ru от 31.03.26,чем лечить если вылетает чашечка после резекции медиального мениска,1,0,0.00,0.00,0
2026-04-20,orto-fit.ru от 31.03.26,чем лечить отек коленного сустава после операции на коленный сустав прошел месяц после операции,1,1,100.00,3.19,0
2026-04-20,orto-fit.ru от 31.03.26,чем лечить сильную боль разрыв мениска,1,0,0.00,0.00,0
2026-04-20,orto-fit.ru от 31.03.26,чем опасен разрыв заднего рога мениска,1,0,0.00,0.00,0
2026-04-20,orto-fit.ru от 31.03.26,чем опасно повреждение мениска в результате старого разрыва коленного,1,0,0.00,0.00,0
2026-04-20,orto-fit.ru от 31.03.26,через какое время можно вставать после эндопротезирования коленного сустава,1,0,0.00,0.00,0
2026-04-20,orto-fit.ru от 31.03.26,через сколько дней можно снимать швы после операции эндопротезирование коленного сустава,1,0,0.00,0.00,0
2026-04-20,orto-fit.ru от 31.03.26,через сколько дней снимают швы после операции на ноге мениск коленного сустава,1,0,0.00,0.00,0
2026-04-20,orto-fit.ru от 31.03.26,через сколько месяцев можно заниматься танцами после операции по замене коленного сустава,1,0,0.00,0.00,0
2026-04-20,orto-fit.ru от 31.03.26,через сколько можно начинать ходить без ходунков после протезирования колена,1,0,0.00,0.00,0
2026-04-20,orto-fit.ru от 31.03.26,через сколько после операции пкс стоят по 10 часов,1,0,0.00,0.00,0
2026-04-20,orto-fit.ru от 31.03.26,через сколько снимают швы после операции на ноге коленного сустава,1,0,0.00,0.00,0
2026-04-20,orto-fit.ru от 31.03.26,что будет если не разрабатывать колено после пластики пкс,1,0,0.00,0.00,0
2026-04-20,orto-fit.ru от 31.03.26,что делать если мениск поврежден по типу ручки лейки,1,0,0.00,0.00,0
2026-04-20,orto-fit.ru от 31.03.26,что делать если мениск разлахматился,3,0,0.00,0.00,0
2026-04-20,orto-fit.ru от 31.03.26,что делать если после эндопротезирования коленного сустава он не может согнуться,2,0,0.00,0.00,0
2026-04-20,orto-fit.ru от 31.03.26,что делать после операции на коленном суставе,1,0,0.00,0.00,0
2026-04-20,orto-fit.ru от 31.03.26,что делать при смещении импланта после эндопротезирования коленного сустава,1,0,0.00,0.00,0
2026-04-20,orto-fit.ru от 31.03.26,что делают при повреждении мениска,1,0,0.00,0.00,0
2026-04-20,orto-fit.ru от 31.03.26,что можно и нельзя делать после операции по замене коленного сустава,1,1,100.00,1.18,0
2026-04-20,orto-fit.ru от 31.03.26,что можно сделать если есть противопоказания по замене коленного сустава,1,0,0.00,0.00,0
2026-04-20,orto-fit.ru от 31.03.26,что надо делать через месяц после операции протезирование правого коленного сустава,3,0,0.00,0.00,0
2026-04-20,orto-fit.ru от 31.03.26,что нужно перед операцией коленного сустава,1,0,0.00,0.00,0
2026-04-20,orto-fit.ru от 31.03.26,что нужнотдля операции на мениск,1,0,0.00,0.00,0
2026-04-20,orto-fit.ru от 31.03.26,шов мениска восстановление,1,0,0.00,0.00,0
2026-04-20,orto-fit.ru от 31.03.26,шов мениска когда можно убрать костыли,1,0,0.00,0.00,0
2026-04-20,orto-fit.ru от 31.03.26,шов после эндопротезирования коленного сустава через месяц после операции сочится,1,0,0.00,0.00,0
2026-04-20,orto-fit.ru от 31.03.26,эластичный бинт на колено после артроскопии,1,0,0.00,0.00,0
2026-04-20,orto-fit.ru от 31.03.26,эндопротезирование коленного сустава,1,0,0.00,0.00,0
2026-04-20,orto-fit.ru от 31.03.26,эндопротезирование коленного сустава военный госпиталь иваново отзывы,1,0,0.00,0.00,0
2026-04-20,orto-fit.ru от 31.03.26,эндопротезирование коленного сустава лучшие врачи,1,0,0.00,0.00,0
2026-04-20,orto-fit.ru от 31.03.26,эндопротезирование коленного сустава отзывы пациентов после операции,1,0,0.00,0.00,0
2026-04-20,orto-fit.ru от 31.03.26,эндопротезирование коленного сустава что это такое,3,1,33.33,7.32,0
2026-04-20,orto-fit.ru от 31.03.26,эффективное средство на колено при мениске,1,0,0.00,0.00,0
2026-04-21,orto-fit.ru от 31.03.26,178800 эндопротез коленного сустава,1,0,0.00,0.00,0
2026-04-21,orto-fit.ru от 31.03.26,2 месяца после эндопротезирования коленного сустава очень болит колено,1,0,0.00,0.00,0
2026-04-21,orto-fit.ru от 31.03.26,mpfl коленного сустава и мениск можно сделать операцию сразу отзывы,1,0,0.00,0.00,0
2026-04-21,orto-fit.ru от 31.03.26,артроскопическая менискэктомия мениска коленного сустава,1,0,0.00,0.00,0
2026-04-21,orto-fit.ru от 31.03.26,артроскопия коленного сустава мениск сочи,1,0,0.00,0.00,0
2026-04-21,orto-fit.ru от 31.03.26,артроскопия коленного сустава мениска,1,0,0.00,0.00,0
2026-04-21,orto-fit.ru от 31.03.26,артроскопия коленного сустава при разрыве мениска цена операции,1,0,0.00,0.00,0
2026-04-21,orto-fit.ru от 31.03.26,артроскопия коленного сустава резекция мениска,2,0,0.00,0.00,0
2026-04-21,orto-fit.ru от 31.03.26,артроскопия коленного сустава что это за операция отзывы цена,2,2,100.00,10.13,0
2026-04-21,orto-fit.ru от 31.03.26,артроскопия при разрыве мениска,1,0,0.00,0.00,0
2026-04-21,orto-fit.ru от 31.03.26,бандаж на коленный сустав при повреждении мениска,1,0,0.00,0.00,0
2026-04-21,orto-fit.ru от 31.03.26,бесплатная операция в симферополе на коленном суставе при артрозе,1,0,0.00,0.00,0
2026-04-21,orto-fit.ru от 31.03.26,биоимплант коленного сустава в ульяновске цена,1,0,0.00,0.00,0
2026-04-21,orto-fit.ru от 31.03.26,боится ли поврежденный мениск холода,1,0,0.00,0.00,0
2026-04-21,orto-fit.ru от 31.03.26,болит кожа возле шва после эндопротезирования колена,1,0,0.00,0.00,0
2026-04-21,orto-fit.ru от 31.03.26,болит колено после операции на мениск прошло 4 недели,1,0,0.00,0.00,0
2026-04-21,orto-fit.ru от 31.03.26,боль в колене после операции на мениске мазь,1,0,0.00,0.00,0
2026-04-21,orto-fit.ru от 31.03.26,в каких клиниках можно сделать эндопротезирование коленного сустава роботом,2,0,0.00,0.00,0
2026-04-21,orto-fit.ru от 31.03.26,видео реабилитации после замены коленного сустава,1,1,100.00,8.99,0
2026-04-21,orto-fit.ru от 31.03.26,внутренний мениск коленного сустава как лечить симптомы,1,1,100.00,6.40,0
2026-04-21,orto-fit.ru от 31.03.26,во время разрыва мениска опухает колено,1,0,0.00,0.00,0
2026-04-21,orto-fit.ru от 31.03.26,возможно ли расшатывание цементного эндопротеза на 5 месяц после эндопротеза коленного сустава,1,0,0.00,0.00,0
2026-04-21,orto-fit.ru от 31.03.26,возможно ли эндопротезирование колена без отека,1,0,0.00,0.00,0
2026-04-21,orto-fit.ru от 31.03.26,воронеж делают операции по замене коленного сустава,1,0,0.00,0.00,0
2026-04-21,orto-fit.ru от 31.03.26,восстановление после артроскопии коленного сустава,2,0,0.00,0.00,0
2026-04-21,orto-fit.ru от 31.03.26,восстановление после операции мениска коленного сустава,1,1,100.00,8.59,0
2026-04-21,orto-fit.ru от 31.03.26,восстановление после операции на коленном суставе разрыв связки надколенника,1,0,0.00,0.00,0
2026-04-21,orto-fit.ru от 31.03.26,восстановление после операции на мениске,1,0,0.00,0.00,0
2026-04-21,orto-fit.ru от 31.03.26,восстановление после пластики передней крестообразной связки коленного сустава,1,1,100.00,18.30,0
2026-04-21,orto-fit.ru от 31.03.26,восстановление после разрыва мениска,1,0,0.00,0.00,0
2026-04-21,orto-fit.ru от 31.03.26,восстановление после травмы мениска,1,0,0.00,0.00,0
2026-04-21,orto-fit.ru от 31.03.26,восстановление после травмы мениска томск,1,0,0.00,0.00,0
2026-04-21,orto-fit.ru от 31.03.26,восстановление после эндопротезирования коленного сустава сроки,2,0,0.00,0.00,0
2026-04-21,orto-fit.ru от 31.03.26,входит ли операция по замене коленного сустава в омс москвы,1,0,0.00,0.00,0
2026-04-21,orto-fit.ru от 31.03.26,выпал мениск,1,0,0.00,0.00,0
2026-04-21,orto-fit.ru от 31.03.26,г курган областная больница по протезированию коленных суставов телефон,1,0,0.00,0.00,0
2026-04-21,orto-fit.ru от 31.03.26,гарант ул островского 68е барнаул операция мениска,1,0,0.00,0.00,0
2026-04-21,orto-fit.ru от 31.03.26,где в ростовской области можно пройти реабилитацию после эндопротезирования коленного сустава по омс бесплатно,2,0,0.00,0.00,0
2026-04-21,orto-fit.ru от 31.03.26,где делают операцию по замене мениска коленного сустава,2,0,0.00,0.00,0
2026-04-21,orto-fit.ru от 31.03.26,где делают платные операции на мениске в ставрополе,1,0,0.00,0.00,0
2026-04-21,orto-fit.ru от 31.03.26,где делают разрез при операции на смену коленного сустава,1,0,0.00,0.00,0
2026-04-21,orto-fit.ru от 31.03.26,гиалуроновая кислота в коленный сустав после артроскопии коленного,1,0,0.00,0.00,0
2026-04-21,orto-fit.ru от 31.03.26,гимнастика бубновского при разрыве мениска,1,0,0.00,0.00,0
2026-04-21,orto-fit.ru от 31.03.26,горизонтальный разрыв заднего рога медиального мениска 3 степени,1,0,0.00,0.00,0
2026-04-21,orto-fit.ru от 31.03.26,горячее колено после эндопротезирования коленного сустава почему,1,0,0.00,0.00,0
2026-04-21,orto-fit.ru от 31.03.26,градусы которые нужно соблюдать при эндопротезировании колена,1,0,0.00,0.00,0
2026-04-21,orto-fit.ru от 31.03.26,дегенеративное повреждение медиального мениска,1,0,0.00,0.00,0
2026-04-21,orto-fit.ru от 31.03.26,делать или не делать операцию при разрыве мениска по типу руски лейки и разрыва заднего рога внутреннего мнниска заднего,1,0,0.00,0.00,0
2026-04-21,orto-fit.ru от 31.03.26,делать или не делать операцию при разрыве мениска по типу ручки лейки и разрыва заднего рога внутреннего мнниска заднего,1,0,0.00,0.00,0
2026-04-21,orto-fit.ru от 31.03.26,делают ли в чебоксарах операцию по квоте на разрыв мениска и связок,1,0,0.00,0.00,0
2026-04-21,orto-fit.ru от 31.03.26,делают ли одновременно операцию по эндопротезированию коленного сустава и удалению кисты бейкера в коленном суставе,2,0,0.00,0.00,0
2026-04-21,orto-fit.ru от 31.03.26,деформация мениска коленного сустава лечение,2,0,0.00,0.00,0
2026-04-21,orto-fit.ru от 31.03.26,дипроспан при разрыве мениска,1,0,0.00,0.00,0
2026-04-21,orto-fit.ru от 31.03.26,длительность боли в колене после артроскопии мениска коленного сустава,1,0,0.00,0.00,0
2026-04-21,orto-fit.ru от 31.03.26,до скольки градусов нужно сгибать ногу после артроскопии коленного сустава,1,0,0.00,0.00,0
2026-04-21,orto-fit.ru от 31.03.26,домашово санаторий брянск реабилитация колено протезирование,1,0,0.00,0.00,0
2026-04-21,orto-fit.ru от 31.03.26,если в эндопротезе коленного сустава есть прострелы щелчки скрип при движении,1,0,0.00,0.00,0
2026-04-21,orto-fit.ru от 31.03.26,если после операции на коленный сустав у па,1,0,0.00,0.00,0
2026-04-21,orto-fit.ru от 31.03.26,если после операции по восстановлению мениска он не прижился что делать,2,0,0.00,0.00,0
2026-04-21,orto-fit.ru от 31.03.26,если протезировано левое колено то с какой стороны надо опираться на костыль,2,0,0.00,0.00,0
2026-04-21,orto-fit.ru от 31.03.26,если разрыв мениска нужно носить,1,0,0.00,0.00,0
2026-04-21,orto-fit.ru от 31.03.26,если разрыв мениска нужно носить бандаж или нет,1,1,100.00,3.47,0
2026-04-21,orto-fit.ru от 31.03.26,если установлен имплант коленного сустава звенишь на рамуе досмотра,1,0,0.00,0.00,0
2026-04-21,orto-fit.ru от 31.03.26,если через месяц после эндопротезирования колено сгибается плохо,1,0,0.00,0.00,0
2026-04-21,orto-fit.ru от 31.03.26,жесткий ортез на коленный сустав вместо гипса,1,0,0.00,0.00,0
2026-04-21,orto-fit.ru от 31.03.26,задний рог медиального мениска,1,0,0.00,0.00,0
2026-04-21,orto-fit.ru от 31.03.26,задний рог медиального мениска повреждение лечение коленного сустава,1,0,0.00,0.00,0
2026-04-21,orto-fit.ru от 31.03.26,замена коленного сустава,2,0,0.00,0.00,0
2026-04-21,orto-fit.ru от 31.03.26,замена коленного сустава в калининграде родники,1,0,0.00,0.00,0
2026-04-21,orto-fit.ru от 31.03.26,замена коленного сустава видео как происходит операция на колене на эндопротез,1,0,0.00,0.00,0
2026-04-21,orto-fit.ru от 31.03.26,замена коленного сустава во вредена,1,1,100.00,12.75,0
2026-04-21,orto-fit.ru от 31.03.26,замена коленного сустава как появляется после этого сильные судороги,2,0,0.00,0.00,0
2026-04-21,orto-fit.ru от 31.03.26,замена коленного сустава отзывы пациентов,2,0,0.00,0.00,0
2026-04-21,orto-fit.ru от 31.03.26,замена коленного сустава при гонартрозе тамбовская обл больница отзывы,1,0,0.00,0.00,0
2026-04-21,orto-fit.ru от 31.03.26,замена коленного сустава при гонартрозе тамбовская обл больница отзывы об операциях,2,1,50.00,5.20,0
2026-04-21,orto-fit.ru от 31.03.26,замена коленного сустава фото,1,0,0.00,0.00,0
2026-04-21,orto-fit.ru от 31.03.26,замена коленного сустава фото до и после,1,0,0.00,0.00,0
2026-04-21,orto-fit.ru от 31.03.26,замена коленных суставов при каком наркозе,1,0,0.00,0.00,0
2026-04-21,orto-fit.ru от 31.03.26,замена сустава колена как это происходит,1,0,0.00,0.00,0
2026-04-21,orto-fit.ru от 31.03.26,замена сустава колена на титановый,1,0,0.00,0.00,0
2026-04-21,orto-fit.ru от 31.03.26,занятие после эндопротезирования коленного сустава,2,0,0.00,0.00,0
2026-04-21,orto-fit.ru от 31.03.26,зарядка после эндопротезирования коленного сустава,1,0,0.00,0.00,0
2026-04-21,orto-fit.ru от 31.03.26,застаревшая травма мениска коленного сустава,2,0,0.00,0.00,0
2026-04-21,orto-fit.ru от 31.03.26,игра в футбол после резекции части мениска,1,0,0.00,0.00,0
2026-04-21,orto-fit.ru от 31.03.26,из за чего может повредиться мениск коленного сустава,2,0,0.00,0.00,0
2026-04-21,orto-fit.ru от 31.03.26,имплант мениска коленного сустава,1,0,0.00,0.00,0
2026-04-21,orto-fit.ru от 31.03.26,имплантат коленного сустава,1,0,0.00,0.00,0
2026-04-21,orto-fit.ru от 31.03.26,инструментальная диагностика разрыва мениска,1,0,0.00,0.00,0
2026-04-21,orto-fit.ru от 31.03.26,искусственная крестообразная связка резекция мениска призовут ли помобилизации,1,0,0.00,0.00,0
2026-04-21,orto-fit.ru от 31.03.26,как быстро разработать можно колено после операции на пкс,1,0,0.00,0.00,0
2026-04-21,orto-fit.ru от 31.03.26,как делается обрез мениска при артроскопии,1,0,0.00,0.00,0
2026-04-21,orto-fit.ru от 31.03.26,как делают операцию на коленном суставе,1,0,0.00,0.00,0
2026-04-21,orto-fit.ru от 31.03.26,как делают операцию на коленном суставе эндопротезирования,2,0,0.00,0.00,0
2026-04-21,orto-fit.ru от 31.03.26,как делают операцию по замене коленного сустава при гонартрозе,2,0,0.00,0.00,0
2026-04-21,orto-fit.ru от 31.03.26,как делают операцию по замене коленного сустава при пониженных тромбоцитов,1,0,0.00,0.00,0
2026-04-21,orto-fit.ru от 31.03.26,как долго будет сустав горячим после эндопротезирования коленного сустава,2,0,0.00,0.00,0
2026-04-21,orto-fit.ru от 31.03.26,как долго сохраняются боли после эндопротезирования коленного сустава,1,0,0.00,0.00,0
2026-04-21,orto-fit.ru от 31.03.26,как замотать колено перед футболом с разрывом мениска,1,0,0.00,0.00,0
2026-04-21,orto-fit.ru от 31.03.26,как избавиться от отека после артроскопии коленного сустава,1,1,100.00,3.43,0
2026-04-21,orto-fit.ru от 31.03.26,как лечить мениск,1,0,0.00,0.00,0
2026-04-21,orto-fit.ru от 31.03.26,как лечить мениск коленного сустава,1,0,0.00,0.00,0
2026-04-21,orto-fit.ru от 31.03.26,как надо разрабатывать ногу после операции по замене колена,1,1,100.00,2.74,0
2026-04-21,orto-fit.ru от 31.03.26,как надо разрабатывать ногу после операции по замены колена,1,0,0.00,0.00,0
2026-04-21,orto-fit.ru от 31.03.26,как нужно восстанавливаться реабилитироваться после второго месяца смена коленного сустава,1,1,100.00,2.86,0
2026-04-21,orto-fit.ru от 31.03.26,как отправляют мениск в колене,2,0,0.00,0.00,0
2026-04-21,orto-fit.ru от 31.03.26,как повернуться на здоровый бок после эндопротезирования коленного,2,0,0.00,0.00,0
2026-04-21,orto-fit.ru от 31.03.26,как подобрать трость после эндопротезирования коленного сустава,1,0,0.00,0.00,0
2026-04-21,orto-fit.ru от 31.03.26,как помыться после операции на коленном суставе,1,0,0.00,0.00,0
2026-04-21,orto-fit.ru от 31.03.26,как попасть на операцию коленного сустава по омс бесплатно в республиканскую больницу в птз,1,0,0.00,0.00,0
2026-04-21,orto-fit.ru от 31.03.26,как правильно распределять нагрузку при использовании костыля после замены коленного сустава,1,0,0.00,0.00,0
2026-04-21,orto-fit.ru от 31.03.26,как правильно ходить на костылях после эндопротезирования коленного сустава,1,0,0.00,0.00,0
2026-04-21,orto-fit.ru от 31.03.26,как правильно ходить на костылях после эндопротезирования коленного сустава видео,1,0,0.00,0.00,0
2026-04-21,orto-fit.ru от 31.03.26,как правильно ходить на костылях после эндопротезирования коленного сустава с подмышечными костылями,1,0,0.00,0.00,0
2026-04-21,orto-fit.ru от 31.03.26,как правильно ходить с палочкой после эндопротезирования коленного сустава,1,0,0.00,0.00,0
2026-04-21,orto-fit.ru от 31.03.26,как правильно ходить с тростью после эндопротезирования коленного сустава,1,0,0.00,0.00,0
2026-04-21,orto-fit.ru от 31.03.26,как правильно ходить с тростью после эндопротезирования коленного сустава левого колена,1,0,0.00,0.00,0
2026-04-21,orto-fit.ru от 31.03.26,как проводится артроскопия коленного сустава при разрыве мениска,1,0,0.00,0.00,0
2026-04-21,orto-fit.ru от 31.03.26,как происходит разрыв мениска коленного сустава,1,0,0.00,0.00,0
2026-04-21,orto-fit.ru от 31.03.26,как проходит артроскопия коленного сустава операция,1,0,0.00,0.00,0
2026-04-21,orto-fit.ru от 31.03.26,как проходит операция на мениске артроскопия коленного сустава,2,0,0.00,0.00,0
2026-04-21,orto-fit.ru от 31.03.26,как разрабатывать ногу после эндопротезирования коленного сустава,1,0,0.00,0.00,0
2026-04-21,orto-fit.ru от 31.03.26,как разработать колено после перелома ноги,1,0,0.00,0.00,0
2026-04-21,orto-fit.ru от 31.03.26,как рассчитать массы тела для замена коленного сустава при росте 145 см,3,0,0.00,0.00,0
2026-04-21,orto-fit.ru от 31.03.26,как садится на унитаз при замене коленного сустава,2,1,50.00,12.88,0
2026-04-21,orto-fit.ru от 31.03.26,как садиться на унитаз при замене коленного сустава,2,0,0.00,0.00,0
2026-04-21,orto-fit.ru от 31.03.26,как снять отек коленного сустава после операции,1,1,100.00,3.15,0
2026-04-21,orto-fit.ru от 31.03.26,как снять отечность ног после операции на колене,1,0,0.00,0.00,0
2026-04-21,orto-fit.ru от 31.03.26,как спать с оперированным коленным суставом,2,0,0.00,0.00,0
2026-04-21,orto-fit.ru от 31.03.26,как ходить с одним костылем после эндопротезирования коленного сустава правильно,1,0,0.00,0.00,0
2026-04-21,orto-fit.ru от 31.03.26,как ходить с одним подлокотным костылем после замены коленного сустава фртр,2,0,0.00,0.00,0
2026-04-21,orto-fit.ru от 31.03.26,какие боли бывают после операции по замене коленного сустава на двадцатый день по ночам н,2,0,0.00,0.00,0
2026-04-21,orto-fit.ru от 31.03.26,какие бывают протезы коленного сустава,2,0,0.00,0.00,0
2026-04-21,orto-fit.ru от 31.03.26,какие документы анализе нужно иметь при себе по направлению в реабилитационный центр после эндопротезирования коленного сустава,2,1,50.00,9.71,0
2026-04-21,orto-fit.ru от 31.03.26,какие лучше всего процедуры после операции на коленный сустав после 4 месяцев после операции,2,0,0.00,0.00,0
2026-04-21,orto-fit.ru от 31.03.26,какие рекомендации после пластики колена через год,1,1,100.00,8.03,0
2026-04-21,orto-fit.ru от 31.03.26,какие риски связаны с операцией на мениске,1,0,0.00,0.00,0
2026-04-21,orto-fit.ru от 31.03.26,какие риски связаны с удалением мениска,1,0,0.00,0.00,0
2026-04-21,orto-fit.ru от 31.03.26,какие упражнения делать чтобы восстановить мышцы после пластики мениска,1,0,0.00,0.00,0
2026-04-21,orto-fit.ru от 31.03.26,какие упражнения делают на второй день после эндопротезирования колена,1,0,0.00,0.00,0
2026-04-21,orto-fit.ru от 31.03.26,какие упражнения можно делать при разрыве мениска коленного сустава,1,0,0.00,0.00,0
2026-04-21,orto-fit.ru от 31.03.26,какие упражнения нужно делать если было эндопротезирование колена,1,0,0.00,0.00,0
2026-04-21,orto-fit.ru от 31.03.26,какие упражнения рекомендованы при артрозе и после замены коленного сустава,1,0,0.00,0.00,0
2026-04-21,orto-fit.ru от 31.03.26,какие упражнения через 7 месяцев после замены коленного сустава,1,1,100.00,11.52,0
2026-04-21,orto-fit.ru от 31.03.26,какое обезболивающее назначают после операции на мениске,1,0,0.00,0.00,0
2026-04-21,orto-fit.ru от 31.03.26,какой наркоз делают при артроскопии коленного сустава взрослым,1,0,0.00,0.00,0
2026-04-21,orto-fit.ru от 31.03.26,какой препарат вводится в коленный сустав после операции,3,1,33.33,2.57,0
2026-04-21,orto-fit.ru от 31.03.26,когда выдается квота на замену коленного сустава,1,0,0.00,0.00,0
2026-04-21,orto-fit.ru от 31.03.26,когда можно вставать на оперированное росле ркс колено,2,0,0.00,0.00,0
2026-04-21,orto-fit.ru от 31.03.26,когда можно наступать на ногу после эндопротезирования коленного сустава,1,0,0.00,0.00,0
2026-04-21,orto-fit.ru от 31.03.26,когда можно снимать компрессионные чулки после операции на коленном суставе,1,0,0.00,0.00,0
2026-04-21,orto-fit.ru от 31.03.26,когда после эндопротезирования коленного сустава можно ходить без костылей и трости,1,0,0.00,0.00,0
2026-04-21,orto-fit.ru от 31.03.26,комплексный разрыв медиального мениска коленного сустава,1,0,0.00,0.00,0
2026-04-21,orto-fit.ru от 31.03.26,кому молиться при разрыве мениска,1,0,0.00,0.00,0
2026-04-21,orto-fit.ru от 31.03.26,корнилов эндопротезирование коленного сустава,1,0,0.00,0.00,0
2026-04-21,orto-fit.ru от 31.03.26,костыли после операции на коленном суставе,1,0,0.00,0.00,0
2026-04-21,orto-fit.ru от 31.03.26,лазеротерапия для колена после операции,1,0,0.00,0.00,0
2026-04-21,orto-fit.ru от 31.03.26,лекарства для восстановления мениска коленного сустава,1,0,0.00,0.00,0
2026-04-21,orto-fit.ru от 31.03.26,лечебная физкультура после операции на коленном суставе эндопротезирование коленного сустава,1,0,0.00,0.00,0
2026-04-21,orto-fit.ru от 31.03.26,лечение болезни застарелое повреждение мениска,1,0,0.00,0.00,0
2026-04-21,orto-fit.ru от 31.03.26,лечение воспаления мениска,1,0,0.00,0.00,0
2026-04-21,orto-fit.ru от 31.03.26,лечение начального повреждения мениска коленного сустава,1,0,0.00,0.00,0
2026-04-21,orto-fit.ru от 31.03.26,лечение обызвествление медиального мениска,1,0,0.00,0.00,0
2026-04-21,orto-fit.ru от 31.03.26,лечение разрыва мениска,2,0,0.00,0.00,0
2026-04-21,orto-fit.ru от 31.03.26,лфк коленного сустава после разрыва мениска упражнения,1,0,0.00,0.00,0
2026-04-21,orto-fit.ru от 31.03.26,лфк при разрыве мениска коленного сустава без операции упражнения видео,2,0,0.00,0.00,0
2026-04-21,orto-fit.ru от 31.03.26,лфк при травме мениска,1,0,0.00,0.00,0
2026-04-21,orto-fit.ru от 31.03.26,мази при повреждении мениска,1,0,0.00,0.00,0
2026-04-21,orto-fit.ru от 31.03.26,максимальный срок больничного при травме нескольких структур коленного сустава,1,0,0.00,0.00,0
2026-04-21,orto-fit.ru от 31.03.26,массаж коленного сустава после операции эндопротезирования коленного сустава видео,1,0,0.00,0.00,0
2026-04-21,orto-fit.ru от 31.03.26,мениск в колене как лечить,1,0,0.00,0.00,0
2026-04-21,orto-fit.ru от 31.03.26,мениск коленного сустава,5,0,0.00,0.00,0
2026-04-21,orto-fit.ru от 31.03.26,мениск коленного сустава разрыв последствия и лечение,1,0,0.00,0.00,0
2026-04-21,orto-fit.ru от 31.03.26,мениск коленного сустава разрыв последствия и лечение цена в чебоксарах,1,0,0.00,0.00,0
2026-04-21,orto-fit.ru от 31.03.26,мениск коленного сустава симптомы,1,0,0.00,0.00,0
2026-04-21,orto-fit.ru от 31.03.26,мениск отлетел,1,0,0.00,0.00,0
2026-04-21,orto-fit.ru от 31.03.26,мениск поврежден степень б,1,0,0.00,0.00,0
2026-04-21,orto-fit.ru от 31.03.26,мениск повреждение,1,0,0.00,0.00,0
2026-04-21,orto-fit.ru от 31.03.26,мениск разрыв,1,0,0.00,0.00,0
2026-04-21,orto-fit.ru от 31.03.26,мениск сам восстанавливается,1,0,0.00,0.00,0
2026-04-21,orto-fit.ru от 31.03.26,менискэктомия коленного сустава что это артроскопическая,1,0,0.00,0.00,0
2026-04-21,orto-fit.ru от 31.03.26,мне сделали операцию на мениск доктор хирург сказал что делать надо уколы хронотрон можно делать после операции укол но нога нога болит,1,0,0.00,0.00,0
2026-04-21,orto-fit.ru от 31.03.26,могут ли сразу заменить два коленных сустава,1,0,0.00,0.00,0
2026-04-21,orto-fit.ru от 31.03.26,может ли болеть нога после разрыва сустава колена и после операции на эту ногу,1,0,0.00,0.00,0
2026-04-21,orto-fit.ru от 31.03.26,может ли разрыв мениска реагировать на погоду,1,0,0.00,0.00,0
2026-04-21,orto-fit.ru от 31.03.26,можно ли восстановить поврежденные хрящи при мениске,1,1,100.00,8.25,0
2026-04-21,orto-fit.ru от 31.03.26,можно ли восстановить подвижность в колене после операции на коленной чашечке через 6 месяцев,1,0,0.00,0.00,0
2026-04-21,orto-fit.ru от 31.03.26,можно ли делать операцию коленного сустава при воспалительном процессе в организме,1,0,0.00,0.00,0
2026-04-21,orto-fit.ru от 31.03.26,можно ли делать эндопротезирование коленного сустава при болезни бехтерева,1,1,100.00,7.31,0
2026-04-21,orto-fit.ru от 31.03.26,можно ли играть в футбол с травмой мениска 2 степени,1,0,0.00,0.00,0
2026-04-21,orto-fit.ru от 31.03.26,можно ли как то ночью повернуть протез в колене,2,0,0.00,0.00,0
2026-04-21,orto-fit.ru от 31.03.26,можно ли посещать бассейн после эндопротезирования коленного сустава,1,1,100.00,8.83,0
2026-04-21,orto-fit.ru от 31.03.26,можно ли принимать азитромицин после замены коленного сустава,2,0,0.00,0.00,0
2026-04-21,orto-fit.ru от 31.03.26,можно ли работать с физ нагрузкой после замены сустава коленного,1,0,0.00,0.00,0
2026-04-21,orto-fit.ru от 31.03.26,можно ли сгибать колено большое 90 после частичной менискэктомии,1,0,0.00,0.00,0
2026-04-21,orto-fit.ru от 31.03.26,можно ли снимать эластичный бинт на ночь после операции на колен на двадцатый день,3,1,33.33,13.97,0
2026-04-21,orto-fit.ru от 31.03.26,можно ли трясти ногами после операций на колени,1,0,0.00,0.00,0
2026-04-21,orto-fit.ru от 31.03.26,можно плавать после замены коленного сустава,1,0,0.00,0.00,0
2026-04-21,orto-fit.ru от 31.03.26,можно при стойкой контрактуре коленного сустава получить инвалидность,1,0,0.00,0.00,0
2026-04-21,orto-fit.ru от 31.03.26,можно ставить уколы в колено при разрыве мениска,1,0,0.00,0.00,0
2026-04-21,orto-fit.ru от 31.03.26,на коленном суставе меняется мениск,1,0,0.00,0.00,0
2026-04-21,orto-fit.ru от 31.03.26,на сколько градусов должно сгибаться колено после эндопротезирования и в какие сроки,1,0,0.00,0.00,0
2026-04-21,orto-fit.ru от 31.03.26,на сколько должно сгибаться колено после частичной менискэктомии,4,0,0.00,0.00,0
2026-04-21,orto-fit.ru от 31.03.26,надколенник как восстановить и делается ли протез,1,0,0.00,0.00,0
2026-04-21,orto-fit.ru от 31.03.26,начальное повреждение мениска коленного сустава,2,0,0.00,0.00,0
2026-04-21,orto-fit.ru от 31.03.26,начальное повреждение мениска коленного сустава как лечить,1,0,0.00,0.00,0
2026-04-21,orto-fit.ru от 31.03.26,нестабильность коленного сустава после эндопротезирования,1,0,0.00,0.00,0
2026-04-21,orto-fit.ru от 31.03.26,ниито ул фрунзе 17 операция эндопротезирование коленных суставов по квоте сколько времени ждать операцию,1,0,0.00,0.00,0
2026-04-21,orto-fit.ru от 31.03.26,ноги после операции на колене как ведут,1,0,0.00,0.00,0
2026-04-21,orto-fit.ru от 31.03.26,ночные боли после эндопротезирования коленного сустава,1,0,0.00,0.00,0
2026-04-21,orto-fit.ru от 31.03.26,нужен ли укол гиалуроновой кислоты после замены коленного сустава,1,0,0.00,0.00,0
2026-04-21,orto-fit.ru от 31.03.26,онемение колена после эндопротезирования коленного сустава что делать,1,0,0.00,0.00,0
2026-04-21,orto-fit.ru от 31.03.26,операции по замене коленного сустава в тамбовской областной больнице,2,0,0.00,0.00,0
2026-04-21,orto-fit.ru от 31.03.26,операция замена коленного сустава цена,1,0,0.00,0.00,0
2026-04-21,orto-fit.ru от 31.03.26,операция мениск колена,1,0,0.00,0.00,0
2026-04-21,orto-fit.ru от 31.03.26,операция на заднем роге мениска,1,0,0.00,0.00,0
2026-04-21,orto-fit.ru от 31.03.26,операция на крестообразной связки коленного сустава как проходит,1,0,0.00,0.00,0
2026-04-21,orto-fit.ru от 31.03.26,операция на мениск,2,0,0.00,0.00,0
2026-04-21,orto-fit.ru от 31.03.26,операция на мениск коленного сустава реабилитация после операции сколько длится,1,1,100.00,1.96,0
2026-04-21,orto-fit.ru от 31.03.26,операция на мениск сколько стоит екатеринбург,1,0,0.00,0.00,0
2026-04-21,orto-fit.ru от 31.03.26,операция на пкс коленного сустава реабилитация после операции,2,2,100.00,18.08,0
2026-04-21,orto-fit.ru от 31.03.26,операция на связках коленного сустава в каком отделении проводится,1,0,0.00,0.00,0
2026-04-21,orto-fit.ru от 31.03.26,операция по замене коленного сустава в тамбовской областной больнице отзывы,1,0,0.00,0.00,0
2026-04-21,orto-fit.ru от 31.03.26,операция тэп коленного сустава в архангельске,1,0,0.00,0.00,0
2026-04-21,orto-fit.ru от 31.03.26,операция тэп коленного сустава в архангельске платно,1,0,0.00,0.00,0
2026-04-21,orto-fit.ru от 31.03.26,ортез для колена после операции,1,0,0.00,0.00,0
2026-04-21,orto-fit.ru от 31.03.26,ортез на коленный сустав при артрозе 2 степени,1,0,0.00,0.00,0
2026-04-21,orto-fit.ru от 31.03.26,ортез при мениске коленного сустава,1,0,0.00,0.00,0
2026-04-21,orto-fit.ru от 31.03.26,осложнения при замене коленного,1,0,0.00,0.00,0
2026-04-21,orto-fit.ru от 31.03.26,остеоартроз коленного сустава 2 степени какой наколенник лучше,1,0,0.00,0.00,0
2026-04-21,orto-fit.ru от 31.03.26,отек и краснота после замены коленного сустава сколько длится,1,0,0.00,0.00,0
2026-04-21,orto-fit.ru от 31.03.26,отекает правая ступня после разрыва мениска,1,0,0.00,0.00,0
2026-04-21,orto-fit.ru от 31.03.26,очередь на операцию на коленном суставе в ярославле по квоте,1,0,0.00,0.00,0
2026-04-21,orto-fit.ru от 31.03.26,памятка после эндопротезирования коленного сустава,1,0,0.00,0.00,0
2026-04-21,orto-fit.ru от 31.03.26,перед операцией на колено что нужно делать,1,0,0.00,0.00,0
2026-04-21,orto-fit.ru от 31.03.26,пластика коленного сустава сколько реабилитация после операции,1,0,0.00,0.00,0
2026-04-21,orto-fit.ru от 31.03.26,пластика пкс коленного сустава симптомы после 6 месяцев после операции,1,0,0.00,0.00,0
2026-04-21,orto-fit.ru от 31.03.26,пластика связок коленного сустава срок восстановления,1,0,0.00,0.00,0
2026-04-21,orto-fit.ru от 31.03.26,платная реабилитация в 40 больнице,1,0,0.00,0.00,0
2026-04-21,orto-fit.ru от 31.03.26,плохо действует протез коленного сустава,1,0,0.00,0.00,0
2026-04-21,orto-fit.ru от 31.03.26,по каким признакам можно констатировать что реабилитация после шва корня мениска хавершенв,1,0,0.00,0.00,0
2026-04-21,orto-fit.ru от 31.03.26,повредил мениск опухло колено что делать,1,0,0.00,0.00,0
2026-04-21,orto-fit.ru от 31.03.26,повредил мениск что делать,2,0,0.00,0.00,0
2026-04-21,orto-fit.ru от 31.03.26,повреждение заднего рога внутреннего мениска 2 степени по stoller что это,1,0,0.00,0.00,0
2026-04-21,orto-fit.ru от 31.03.26,повреждение заднего рога внутреннего мениска коленного сустава что это,1,0,0.00,0.00,0
2026-04-21,orto-fit.ru от 31.03.26,повреждение медиального мениска,3,0,0.00,0.00,0
2026-04-21,orto-fit.ru от 31.03.26,повреждение мениска,1,0,0.00,0.00,0
2026-04-21,orto-fit.ru от 31.03.26,повреждение мениска степень б но ничего кроме хруста не тревожит,2,0,0.00,0.00,0
2026-04-21,orto-fit.ru от 31.03.26,повреждение мениска что делать,1,0,0.00,0.00,0
2026-04-21,orto-fit.ru от 31.03.26,под каким наркозом делают операцию на колено,1,0,0.00,0.00,0
2026-04-21,orto-fit.ru от 31.03.26,под каким наркозом делают операцию по замене мениска,1,1,100.00,5.31,0
2026-04-21,orto-fit.ru от 31.03.26,под какой анестезией делается артроскопия коленного сустава,1,0,0.00,0.00,0
2026-04-21,orto-fit.ru от 31.03.26,показания для замены коленного сустава,1,0,0.00,0.00,0
2026-04-21,orto-fit.ru от 31.03.26,после замены коленного сустава какой нужно держать вес,2,0,0.00,0.00,0
2026-04-21,orto-fit.ru от 31.03.26,после замены коленного сустава сняли швы появился гной,2,0,0.00,0.00,0
2026-04-21,orto-fit.ru от 31.03.26,после операции на бедренной кости не сгибается колено что делать,1,0,0.00,0.00,0
2026-04-21,orto-fit.ru от 31.03.26,после операции на коленном суставе может ли быть гематома под коленкой,1,0,0.00,0.00,0
2026-04-21,orto-fit.ru от 31.03.26,после операции на колено когда можно не одевать чулки,1,0,0.00,0.00,0
2026-04-21,orto-fit.ru от 31.03.26,после операции на мениск через сколько можно вставать,2,0,0.00,0.00,0
2026-04-21,orto-fit.ru от 31.03.26,после операции на мениск через сколько можно сгибать ногу,1,0,0.00,0.00,0
2026-04-21,orto-fit.ru от 31.03.26,после операции на мениск через сколько можно ходить,2,0,0.00,0.00,0
2026-04-21,orto-fit.ru от 31.03.26,после операции на оскольчатый перелом колена сколько носить ортез,1,0,0.00,0.00,0
2026-04-21,orto-fit.ru от 31.03.26,после операции пкс,1,0,0.00,0.00,0
2026-04-21,orto-fit.ru от 31.03.26,после операции по замене коленного сустава тянет шов что делать,2,0,0.00,0.00,0
2026-04-21,orto-fit.ru от 31.03.26,после операций колено сколько должны держать на больничном,1,0,0.00,0.00,0
2026-04-21,orto-fit.ru от 31.03.26,после протезирования коленного сустава простыл что делать,2,0,0.00,0.00,0
2026-04-21,orto-fit.ru от 31.03.26,после протезирования коленного сустава сколько времени носить компрессионные чулки,2,0,0.00,0.00,0
2026-04-21,orto-fit.ru от 31.03.26,после того когда сделали операцию на коленном суставе когда нога начнет маленько шевелиться,1,0,0.00,0.00,0
2026-04-21,orto-fit.ru от 31.03.26,после удаления мениска коленного сустава последствия какие,1,1,100.00,3.81,0
2026-04-21,orto-fit.ru от 31.03.26,после эндопротезирования коленного сустава колено горячее,2,0,0.00,0.00,0
2026-04-21,orto-fit.ru от 31.03.26,после эндопротезирования коленного сустава отек конечности то падает то поднимается,1,0,0.00,0.00,0
2026-04-21,orto-fit.ru от 31.03.26,последние новости и отзывы о артроскопии мениска,1,0,0.00,0.00,0
2026-04-21,orto-fit.ru от 31.03.26,посмотреть видео как разрабатывать колено после операции с проволокой,2,0,0.00,0.00,0
2026-04-21,orto-fit.ru от 31.03.26,почему после замены коленного сустава собирается лимфа,1,0,0.00,0.00,0
2026-04-21,orto-fit.ru от 31.03.26,почему после операции на крестообразную связку и мениск хрустит колено,1,0,0.00,0.00,0
2026-04-21,orto-fit.ru от 31.03.26,препараты для восстановления после операции svf коленного сустава,1,0,0.00,0.00,0
2026-04-21,orto-fit.ru от 31.03.26,при выписке из из больницы при замене коленного надо оставоять мед пер что то,2,0,0.00,0.00,0
2026-04-21,orto-fit.ru от 31.03.26,при операции коленного сустава сколько допустим сахар,2,1,50.00,5.65,0
2026-04-21,orto-fit.ru от 31.03.26,при разрыве мениска в колене можно ли обойтись без операции отзывы,1,0,0.00,0.00,0
2026-04-21,orto-fit.ru от 31.03.26,при удалении мениска сколько надо лежать в больнице,1,0,0.00,0.00,0
2026-04-21,orto-fit.ru от 31.03.26,причины смешения импланта коленного сустава,1,0,0.00,0.00,0
2026-04-21,orto-fit.ru от 31.03.26,производят ли замену коленного сустава по квоте в новокуйбышевске самарской области,1,0,0.00,0.00,0
2026-04-21,orto-fit.ru от 31.03.26,протез коленный сустава трещит,1,0,0.00,0.00,0
2026-04-21,orto-fit.ru от 31.03.26,протезирование коленного сустава,1,0,0.00,0.00,0
2026-04-21,orto-fit.ru от 31.03.26,протезы коленного сустава s n anthem chart label,1,0,0.00,0.00,0
2026-04-21,orto-fit.ru от 31.03.26,протезы синовиальной жидкости коленного сустава препараты цены,3,0,0.00,0.00,0
2026-04-21,orto-fit.ru от 31.03.26,профилактории новосибирска по реабилитации после замены коленного сустава,1,1,100.00,1.38,0
2026-04-21,orto-fit.ru от 31.03.26,пульсирующая боль в коленном суставе после эндопротезирования коленного сустава через два месяца после операции,1,0,0.00,0.00,0
2026-04-21,orto-fit.ru от 31.03.26,работа после травмы на колено пкс трудно ходить,1,0,0.00,0.00,0
2026-04-21,orto-fit.ru от 31.03.26,разработка коленного сустава после операции на связки,1,0,0.00,0.00,0
2026-04-21,orto-fit.ru от 31.03.26,разрыв заднего рога медиального мениска,3,0,0.00,0.00,0
2026-04-21,orto-fit.ru от 31.03.26,разрыв заднего рога медиального мениска 3 а ст по stoller,1,0,0.00,0.00,0
2026-04-21,orto-fit.ru от 31.03.26,разрыв заднего рога мениска 4 степени,1,0,0.00,0.00,0
2026-04-21,orto-fit.ru от 31.03.26,разрыв медиального мениска коленного сустава как лечить,2,1,50.00,3.80,0
2026-04-21,orto-fit.ru от 31.03.26,разрыв мениска,6,0,0.00,0.00,0
2026-04-21,orto-fit.ru от 31.03.26,разрыв мениска как лечить,1,0,0.00,0.00,0
2026-04-21,orto-fit.ru от 31.03.26,разрыв мениска колена какие упражнения в зале можно и нельзя,1,0,0.00,0.00,0
2026-04-21,orto-fit.ru от 31.03.26,разрыв мениска коленного 3 степени у пожилого человека,1,0,0.00,0.00,0
2026-04-21,orto-fit.ru от 31.03.26,разрыв мениска коленного операция или нет,2,0,0.00,0.00,0
2026-04-21,orto-fit.ru от 31.03.26,разрыв мениска коленного сустава лечение,1,0,0.00,0.00,0
2026-04-21,orto-fit.ru от 31.03.26,разрыв мениска коленного сустава лечение и восстановление без операции,1,0,0.00,0.00,0
2026-04-21,orto-fit.ru от 31.03.26,разрыв мениска коленного сустава операция восстановление после операции сколько по времени,1,0,0.00,0.00,0
2026-04-21,orto-fit.ru от 31.03.26,разрыв мениска коленного сустава симптомы,1,0,0.00,0.00,0
2026-04-21,orto-fit.ru от 31.03.26,разрыв мениска ортопеды,1,0,0.00,0.00,0
2026-04-21,orto-fit.ru от 31.03.26,разрыв мениска симптомы,2,0,0.00,0.00,0
2026-04-21,orto-fit.ru от 31.03.26,разрыв мениска со смещением,1,0,0.00,0.00,0
2026-04-21,orto-fit.ru от 31.03.26,разрыв мениска со смещением цена операции,2,0,0.00,0.00,0
2026-04-21,orto-fit.ru от 31.03.26,разрыв мениска степени а,1,0,0.00,0.00,0
2026-04-21,orto-fit.ru от 31.03.26,разрыв связки заднего рога медиального мениска коленного сустава,2,0,0.00,0.00,0
2026-04-21,orto-fit.ru от 31.03.26,реабилитационный центр для взрослых опорно двигательного аппарата,3,0,0.00,0.00,0
2026-04-21,orto-fit.ru от 31.03.26,реабилитация в санатории после эндопротезирования коленного сустава,1,1,100.00,50.06,0
2026-04-21,orto-fit.ru от 31.03.26,реабилитация после артроскопии,1,0,0.00,0.00,0
2026-04-21,orto-fit.ru от 31.03.26,реабилитация после артроскопии коленного сустава мениска,2,1,50.00,1.47,0
2026-04-21,orto-fit.ru от 31.03.26,реабилитация после артроскопии коленного сустава разрыва связок,2,1,50.00,7.30,0
2026-04-21,orto-fit.ru от 31.03.26,реабилитация после замены коленного сустава,1,0,0.00,0.00,0
2026-04-21,orto-fit.ru от 31.03.26,реабилитация после замены коленного сустава в домашних условиях после операции,2,1,50.00,6.55,0
2026-04-21,orto-fit.ru от 31.03.26,реабилитация после замены коленного сустава где пройти в городе ангарске,1,1,100.00,11.40,0
2026-04-21,orto-fit.ru от 31.03.26,реабилитация после замены коленного сустава иваново,1,0,0.00,0.00,0
2026-04-21,orto-fit.ru от 31.03.26,реабилитация после замены коленного сустава когда можно продлить прием метотрексата,2,0,0.00,0.00,0
2026-04-21,orto-fit.ru от 31.03.26,реабилитация после операции гонартроза коленного сустава,1,1,100.00,3.14,0
2026-04-21,orto-fit.ru от 31.03.26,реабилитация после операции на коленном суставе волгоград,1,0,0.00,0.00,0
2026-04-21,orto-fit.ru от 31.03.26,реабилитация после операции на коленном суставе волгоград ворошиловский район,1,0,0.00,0.00,0
2026-04-21,orto-fit.ru от 31.03.26,реабилитация после операции на коленном суставе сколько длится,1,0,0.00,0.00,0
2026-04-21,orto-fit.ru от 31.03.26,реабилитация после операции на мениске коленного сустава на костылях,1,0,0.00,0.00,0
2026-04-21,orto-fit.ru от 31.03.26,реабилитация после операции на пкс коленного сустава упражнения после операции,1,0,0.00,0.00,0
2026-04-21,orto-fit.ru от 31.03.26,реабилитация после операции по замене коленного сустава,1,1,100.00,3.21,0
2026-04-21,orto-fit.ru от 31.03.26,реабилитация после пкс коленного сустава,2,0,0.00,0.00,0
2026-04-21,orto-fit.ru от 31.03.26,реабилитация после разрыва мениска коленного сустава после операции,1,0,0.00,0.00,0
2026-04-21,orto-fit.ru от 31.03.26,реабилитация после травмы мениска томск,1,0,0.00,0.00,0
2026-04-21,orto-fit.ru от 31.03.26,реабилитация после эндопротезирования коленного сустава,2,1,50.00,3.06,0
2026-04-21,orto-fit.ru от 31.03.26,реабилитация после эндопротезирования коленного сустава в домашних условиях после операции по дням,1,0,0.00,0.00,0
2026-04-21,orto-fit.ru от 31.03.26,резекция мениска или сшивание,1,0,0.00,0.00,0
2026-04-21,orto-fit.ru от 31.03.26,резекция мениска магнитогорск,3,0,0.00,0.00,0
2026-04-21,orto-fit.ru от 31.03.26,резиновый жгут для сгибания колена после протезирования,1,0,0.00,0.00,0
2026-04-21,orto-fit.ru от 31.03.26,резко заболело колено после пластики пкс и перестало болеть совсем,1,0,0.00,0.00,0
2026-04-21,orto-fit.ru от 31.03.26,с какой стороны применять костыль при эндопротезировании коленного сустава,1,0,0.00,0.00,0
2026-04-21,orto-fit.ru от 31.03.26,санаторий с реабилитацией после операции на колено,1,0,0.00,0.00,0
2026-04-21,orto-fit.ru от 31.03.26,санкт петербург сколько стоит операция коленного сустава артроз,2,0,0.00,0.00,0
2026-04-21,orto-fit.ru от 31.03.26,сделали артроскопию на левом колене когда можно делать артроскопию на правом колене,1,0,0.00,0.00,0
2026-04-21,orto-fit.ru от 31.03.26,симптомы при разрушении мениска в коленном суставе,1,0,0.00,0.00,0
2026-04-21,orto-fit.ru от 31.03.26,сколько болит колено после эндопротезирования коленного сустава после операции времени,1,0,0.00,0.00,0
2026-04-21,orto-fit.ru от 31.03.26,сколько времени делают зарядку после эндопротезирования коленного сустава,1,0,0.00,0.00,0
2026-04-21,orto-fit.ru от 31.03.26,сколько длится больничный после операции на мениске коленного сустава,1,1,100.00,4.61,0
2026-04-21,orto-fit.ru от 31.03.26,сколько длится больничный после эндопротезирования коленного сустава,3,0,0.00,0.00,0
2026-04-21,orto-fit.ru от 31.03.26,сколько длится реабилитация после операции на колене,1,0,0.00,0.00,0
2026-04-21,orto-fit.ru от 31.03.26,сколько дней больничный после операции при разрыве мениска коленного сустава,1,1,100.00,1.76,0
2026-04-21,orto-fit.ru от 31.03.26,сколько дней сохраняется отек после артроскопии коленного сустава,1,0,0.00,0.00,0
2026-04-21,orto-fit.ru от 31.03.26,сколько лежат в больнице после замены коленного сустава после операции дней,2,0,0.00,0.00,0
2026-04-21,orto-fit.ru от 31.03.26,сколько месяцев надо одевать компрессионные чулки после операции коленного сустава после,2,0,0.00,0.00,0
2026-04-21,orto-fit.ru от 31.03.26,сколько можно ходить после эндопротезирования коленного сустава,1,0,0.00,0.00,0
2026-04-21,orto-fit.ru от 31.03.26,сколько можно ходить при поврежденной мениске,1,0,0.00,0.00,0
2026-04-21,orto-fit.ru от 31.03.26,сколько недель нужно носить эластичные бинты после операции по замене коленного сустава,1,0,0.00,0.00,0
2026-04-21,orto-fit.ru от 31.03.26,сколько нужно ходить в чулках после операции эндопротезирования коленного сустава,2,0,0.00,0.00,0
2026-04-21,orto-fit.ru от 31.03.26,сколько обычно сидят на больничном с мениском после операции,1,0,0.00,0.00,0
2026-04-21,orto-fit.ru от 31.03.26,сколько операций по замене коленного сустава проводится в тамбовской областной больнице,2,0,0.00,0.00,0
2026-04-21,orto-fit.ru от 31.03.26,сколько по времени длится операция по эндопротезированию коленного сустава,2,0,0.00,0.00,0
2026-04-21,orto-fit.ru от 31.03.26,сколько проходит реабилитация после замены коленного сустава после операции,1,0,0.00,0.00,0
2026-04-21,orto-fit.ru от 31.03.26,сколько проходит реабилитация после операции на колено,1,0,0.00,0.00,0
2026-04-21,orto-fit.ru от 31.03.26,сколько сколько стоит в иркутске платные операции кто их проводит замена коленного сустава,1,0,0.00,0.00,0
2026-04-21,orto-fit.ru от 31.03.26,сколько стоит вылечить тотальный разрыв передней крестообразной связки лоскутный разрыв мениска в институте имени турнера санкт петербург на платной основе,1,0,0.00,0.00,0
2026-04-21,orto-fit.ru от 31.03.26,сколько стоит замена коленного сустава,2,0,0.00,0.00,0
2026-04-21,orto-fit.ru от 31.03.26,сколько стоит операция по восстановлению мениска коленного сустава,1,0,0.00,0.00,0
2026-04-21,orto-fit.ru от 31.03.26,сколько стоит реабилитационный центр,1,0,0.00,0.00,0
2026-04-21,orto-fit.ru от 31.03.26,сколько ходить на костылях после эндопротезирования коленного сустава,3,0,0.00,0.00,0
2026-04-21,orto-fit.ru от 31.03.26,сложность операции по замене коленного сустава,1,0,0.00,0.00,0
2026-04-21,orto-fit.ru от 31.03.26,сохраняется ли при замене коленного сустава мениск,1,0,0.00,0.00,0
2026-04-21,orto-fit.ru от 31.03.26,спорт при разрыве мениска,1,0,0.00,0.00,0
2026-04-21,orto-fit.ru от 31.03.26,спроси врача делал год назад операцию по замене коленного сустава в ручную второе колено хочу делать на роботе,1,0,0.00,0.00,0
2026-04-21,orto-fit.ru от 31.03.26,спустя 2 месяца после операции на колене тянет мышцу,1,0,0.00,0.00,0
2026-04-21,orto-fit.ru от 31.03.26,средняя цена операции тотальный разрыв передней крестообразной связки лоскутный разрыв мениска институт турнера санкт петербург платная основа,1,0,0.00,0.00,0
2026-04-21,orto-fit.ru от 31.03.26,срок больничного листа после эндопротезирования коленного сустава,1,0,0.00,0.00,0
2026-04-21,orto-fit.ru от 31.03.26,срок действия анализов перед операцией мениск,2,0,0.00,0.00,0
2026-04-21,orto-fit.ru от 31.03.26,сроки ношения компрессионных чулок после эндопротезирования коленного сустава,1,0,0.00,0.00,0
2026-04-21,orto-fit.ru от 31.03.26,стоимость замены коленного сустава в новосибирске,1,0,0.00,0.00,0
2026-04-21,orto-fit.ru от 31.03.26,стоимость замены коленного сустава в россии цены,1,0,0.00,0.00,0
2026-04-21,orto-fit.ru от 31.03.26,стоимость операции по замене коленного сустава курск,1,0,0.00,0.00,0
2026-04-21,orto-fit.ru от 31.03.26,титановый протез колена сустава как проходит реабилитация,1,0,0.00,0.00,0
2026-04-21,orto-fit.ru от 31.03.26,три года жлать операцию ра замене сустава колена чтоделать,1,0,0.00,0.00,0
2026-04-21,orto-fit.ru от 31.03.26,удаление мениска коленного сустава последствия,1,0,0.00,0.00,0
2026-04-21,orto-fit.ru от 31.03.26,укол при повреждении мениска принцип действия,1,0,0.00,0.00,0
2026-04-21,orto-fit.ru от 31.03.26,упражнение для восстановления коленного сустава при повреждении мениска,1,1,100.00,6.84,0
2026-04-21,orto-fit.ru от 31.03.26,упражнение для восстановления коленного сустава при повреждении мениска сириус адлер,1,0,0.00,0.00,0
2026-04-21,orto-fit.ru от 31.03.26,упражнения для восстановления мениска,1,0,0.00,0.00,0
2026-04-21,orto-fit.ru от 31.03.26,упражнения для реализации после артроскопии мениска,1,0,0.00,0.00,0
2026-04-21,orto-fit.ru от 31.03.26,упражнения от бубновского дома при разрыве мениска,2,1,50.00,10.98,0
2026-04-21,orto-fit.ru от 31.03.26,упражнения после операции на мениск коленного сустава для реабилитации,1,1,100.00,4.74,0
2026-04-21,orto-fit.ru от 31.03.26,упражнения после шва мениска,1,0,0.00,0.00,0
2026-04-21,orto-fit.ru от 31.03.26,упражнения при замене тазобедренного сустава после эндопротезирования 9 10 неделя,1,0,0.00,0.00,0
2026-04-21,orto-fit.ru от 31.03.26,упражнения при реабилитации коленного сустава,1,0,0.00,0.00,0
2026-04-21,orto-fit.ru от 31.03.26,фибротизация мениска,1,0,0.00,0.00,0
2026-04-21,orto-fit.ru от 31.03.26,форум людей с деформацией мениска коленного сустава чем лечить,1,0,0.00,0.00,0
2026-04-21,orto-fit.ru от 31.03.26,форум мениск,1,0,0.00,0.00,0
2026-04-21,orto-fit.ru от 31.03.26,хондромаляция надколенника 3 ст и разрыв заднего рога мениска,1,0,0.00,0.00,0
2026-04-21,orto-fit.ru от 31.03.26,центр реабилитации после операции на коленном суставе москва по омс,1,0,0.00,0.00,0
2026-04-21,orto-fit.ru от 31.03.26,частичное удаление резекция мениска сколько больничный,1,0,0.00,0.00,0
2026-04-21,orto-fit.ru от 31.03.26,чем сшивание мениска лучше иссекания,1,0,0.00,0.00,0
2026-04-21,orto-fit.ru от 31.03.26,через сколько можно оперировать второе колено после операции на пкс,1,0,0.00,0.00,0
2026-04-21,orto-fit.ru от 31.03.26,что будет если имея эндопротез в колене человек упал на колено,1,0,0.00,0.00,0
2026-04-21,orto-fit.ru от 31.03.26,что делать если мениск разболелся,2,0,0.00,0.00,0
2026-04-21,orto-fit.ru от 31.03.26,что делают при разрыве мениска в коленном суставе,2,1,50.00,11.14,0
2026-04-21,orto-fit.ru от 31.03.26,что надо для операций на колене,1,0,0.00,0.00,0
2026-04-21,orto-fit.ru от 31.03.26,что нельзя делать после замены коленного сустава,1,0,0.00,0.00,0
2026-04-21,orto-fit.ru от 31.03.26,что нельзя делать при повреждении мениска коленного сустава,1,0,0.00,0.00,0
2026-04-21,orto-fit.ru от 31.03.26,что нужно есть что бы хорошо сросся мениск после операции,1,0,0.00,0.00,0
2026-04-21,orto-fit.ru от 31.03.26,что нужно есть что бы хорошо сросся мениск после операции сшивания,1,0,0.00,0.00,0
2026-04-21,orto-fit.ru от 31.03.26,что нужно знать перед операцией по протезированию коленного,2,1,50.00,14.75,0
2026-04-21,orto-fit.ru от 31.03.26,что нужно чтобы встать на квоту на операцию коленные суставы ковров,1,0,0.00,0.00,0
2026-04-21,orto-fit.ru от 31.03.26,что принимать после операции на связки колена чтобы быстрее заживало,1,1,100.00,7.12,0
2026-04-21,orto-fit.ru от 31.03.26,что такое блокада коленного сустава при разрыве мениска,1,0,0.00,0.00,0
2026-04-21,orto-fit.ru от 31.03.26,что такое резекция мениска,1,0,0.00,0.00,0
2026-04-21,orto-fit.ru от 31.03.26,шов мениска коленного сустава методы,1,0,0.00,0.00,0
2026-04-21,orto-fit.ru от 31.03.26,шрамы от операции на мениске,1,0,0.00,0.00,0
2026-04-21,orto-fit.ru от 31.03.26,эластичные бинты после операции на коленном суставе когда можно снимать на ночь,2,0,0.00,0.00,0
2026-04-21,orto-fit.ru от 31.03.26,электрофорез при разрыве мениска как делать на дому,2,0,0.00,0.00,0
2026-04-21,orto-fit.ru от 31.03.26,электрофорез при разрыве мениска с каким лекарством делать,1,0,0.00,0.00,0
2026-04-21,orto-fit.ru от 31.03.26,эндопротезирование коленного сустава,2,0,0.00,0.00,0
2026-04-21,orto-fit.ru от 31.03.26,эндопротезирование коленного сустава ход операции,1,0,0.00,0.00,0
2026-04-21,orto-fit.ru от 31.03.26,эндоскопия разрыва мениска коленного операция,2,0,0.00,0.00,0
2026-08-09,Единая перфоманс-кампания №2 от 09-08-2026,аренда аппаратов артромот к1 и кинетек,1,0,0.00,0.00,0
2026-08-09,Единая перфоманс-кампания №2 от 09-08-2026,аренда артромот для коленного сустава в москве,1,0,0.00,0.00,0
2026-08-09,Единая перфоманс-кампания №2 от 09-08-2026,артромот active k прокат,2,0,0.00,0.00,0
2026-08-09,Единая перфоманс-кампания №2 от 09-08-2026,артромот аренда москва,2,0,0.00,0.00,0
2026-08-09,Единая перфоманс-кампания №2 от 09-08-2026,артромот для коленного сустава аренда,2,0,0.00,0.00,0
2026-08-09,Единая перфоманс-кампания №2 от 09-08-2026,артромот для коленного сустава аренда москва,3,2,66.67,263.57,2
2026-08-09,Единая перфоманс-кампания №2 от 09-08-2026,артромот для тазобедренного сустава в аренду,1,0,0.00,0.00,0
2026-08-09,Единая перфоманс-кампания №2 от 09-08-2026,вз ять в аренду аппарат артромот,2,1,50.00,129.45,1
2026-08-09,Единая перфоманс-кампания №2 от 09-08-2026,взять артромот в аренду,1,0,0.00,0.00,0
2026-08-09,Единая перфоманс-кампания №2 от 09-08-2026,аренда аппарат для пассивной разработки коленного сустава,4,1,25.00,86.25,1
2026-08-10,Единая перфоманс-кампания №2 от 09-08-2026,артромот аренда москва,1,1,100.00,119.22,1
2026-08-10,Единая перфоманс-кампания №2 от 09-08-2026,артромот в аренду,1,1,100.00,24.73,0
2026-08-10,Единая перфоманс-кампания №2 от 09-08-2026,артромот для коленного сустава аренда,3,0,0.00,0.00,0
2026-08-10,Единая перфоманс-кампания №2 от 09-08-2026,прокат москва артромот коленного сустава,1,1,100.00,35.48,0
2026-08-10,Единая перфоманс-кампания №2 от 09-08-2026,сколько стоит аппарат для разработки колена,2,0,0.00,0.00,0
